hero_code,hero_name,role,lane,damage_type,fitness_score,ga_profile,item_1,item_2,item_3,item_4,item_5,item_6,total_cost,final_p_atk,final_m_power,final_hp,final_cdr,time_ms,error
airi,airi,Fighter,Dark Slayer,Physical,406.92,expert,Holy of Holies,Hecate's Diadem,Muramasa,Staff of Nuul,Arctic Orbs,Boomstick,13460.0,480.0,1260.0,7743.0,20.0,232.11,
airi,airi,Fighter,Farm,Physical,406.92,expert,Arctic Orbs,Staff of Nuul,Boomstick,Holy of Holies,Muramasa,Hecate's Diadem,13460.0,480.0,1260.0,7743.0,20.0,232.05,
airi,airi,Assassin,Dark Slayer,Physical,406.92,expert,Arctic Orbs,Hecate's Diadem,Boomstick,Muramasa,Holy of Holies,Staff of Nuul,13460.0,480.0,1260.0,7743.0,20.0,227.53,
airi,airi,Assassin,Farm,Physical,406.92,expert,Boomstick,Holy of Holies,Arctic Orbs,Staff of Nuul,Muramasa,Hecate's Diadem,13460.0,480.0,1260.0,7743.0,20.0,225.02,
aleister,aleister,Mage,Mid,Magic,396.02,expert,Staff of Nuul,Arctic Orbs,Boomstick,Muramasa,Holy of Holies,Hecate's Diadem,13460.0,414.0,1260.0,7059.0,20.0,233.17,
alice,alice,Support,Support,Magic,394.21,expert,Muramasa,Boomstick,Staff of Nuul,Holy of Holies,Arctic Orbs,Hecate's Diadem,13460.0,398.0,1260.0,7408.0,20.0,231.52,
allain,allain,Fighter,Dark Slayer,Physical,408.32,expert,Staff of Nuul,Hecate's Diadem,Arctic Orbs,Boomstick,Muramasa,Holy of Holies,13460.0,498.0,1260.0,6958.0,20.0,234.03,
allain,allain,Fighter,Farm,Physical,408.31,expert,Staff of Nuul,Fenrir's Tooth,Muramasa,Hecate's Diadem,Holy of Holies,Arctic Orbs,14610.0,698.0,1060.0,6958.0,20.0,242.03,
amily,amily,Fighter,Dark Slayer,Physical,331.29,expert,Holy of Holies,Boomstick,Muramasa,Hecate's Diadem,Arctic Orbs,Staff of Nuul,13460.0,75.0,1260.0,0.0,20.0,224.54,
annette,annette,Mage,Support,Magic,331.29,expert,Muramasa,Boomstick,Staff of Nuul,Holy of Holies,Hecate's Diadem,Arctic Orbs,13460.0,75.0,1260.0,0.0,20.0,222.54,
annette,annette,Mage,Mid,Magic,331.29,expert,Staff of Nuul,Hecate's Diadem,Boomstick,Arctic Orbs,Holy of Holies,Muramasa,13460.0,75.0,1260.0,0.0,20.0,225.01,
annette,annette,Support,Support,Magic,331.29,expert,Arctic Orbs,Holy of Holies,Hecate's Diadem,Muramasa,Boomstick,Staff of Nuul,13460.0,75.0,1260.0,0.0,20.0,230.03,
annette,annette,Support,Mid,Magic,331.29,expert,Hecate's Diadem,Arctic Orbs,Staff of Nuul,Muramasa,Holy of Holies,Boomstick,13460.0,75.0,1260.0,0.0,20.0,228.54,
aoi,aoi,Assassin,Farm,Physical,403.27,expert,Holy of Holies,Muramasa,Arctic Orbs,Hecate's Diadem,Staff of Nuul,Boomstick,13460.0,459.0,1260.0,7560.0,20.0,232.55,
aoi,aoi,Assassin,Dark Slayer,Physical,403.27,expert,Holy of Holies,Staff of Nuul,Hecate's Diadem,Boomstick,Arctic Orbs,Muramasa,13460.0,459.0,1260.0,7560.0,20.0,234.96,
arduin,arduin,Fighter,Dark Slayer,Physical,395.67,expert,Staff of Nuul,Arctic Orbs,Muramasa,Hecate's Diadem,Boomstick,Holy of Holies,13460.0,396.0,1260.0,8610.0,20.0,217.54,
arduin,arduin,Fighter,Support,Physical,395.67,expert,Holy of Holies,Muramasa,Boomstick,Arctic Orbs,Staff of Nuul,Hecate's Diadem,13460.0,396.0,1260.0,8610.0,20.0,227.81,
arduin,arduin,Tank,Dark Slayer,Physical,395.67,expert,Holy of Holies,Staff of Nuul,Boomstick,Muramasa,Arctic Orbs,Hecate's Diadem,13460.0,396.0,1260.0,8610.0,20.0,235.46,
arduin,arduin,Tank,Support,Physical,395.67,expert,Staff of Nuul,Hecate's Diadem,Holy of Holies,Arctic Orbs,Boomstick,Muramasa,13460.0,396.0,1260.0,8610.0,20.0,234.55,
arum,arum,Tank,Support,Physical,331.29,expert,Holy of Holies,Staff of Nuul,Boomstick,Arctic Orbs,Hecate's Diadem,Muramasa,13460.0,75.0,1260.0,0.0,20.0,222.02,
arum,arum,Support,Support,Physical,331.29,expert,Muramasa,Hecate's Diadem,Holy of Holies,Arctic Orbs,Staff of Nuul,Boomstick,13460.0,75.0,1260.0,0.0,20.0,216.03,
astrid,astrid,Fighter,Dark Slayer,Physical,407.86,expert,Staff of Nuul,Muramasa,Hecate's Diadem,Arctic Orbs,Holy of Holies,Boomstick,13460.0,483.0,1260.0,8080.0,20.0,216.03,
astrid,astrid,Fighter,Farm,Physical,407.86,expert,Holy of Holies,Muramasa,Boomstick,Arctic Orbs,Hecate's Diadem,Staff of Nuul,13460.0,483.0,1260.0,8080.0,20.0,223.09,
astrid,astrid,Assassin,Dark Slayer,Physical,407.86,expert,Holy of Holies,Staff of Nuul,Arctic Orbs,Boomstick,Hecate's Diadem,Muramasa,13460.0,483.0,1260.0,8080.0,20.0,229.54,
astrid,astrid,Assassin,Farm,Physical,407.86,expert,Holy of Holies,Hecate's Diadem,Boomstick,Staff of Nuul,Arctic Orbs,Muramasa,13460.0,483.0,1260.0,8080.0,20.0,220.03,
ata,ata,Tank,Dark Slayer,Physical,397.97,expert,Staff of Nuul,Boomstick,Hecate's Diadem,Arctic Orbs,Muramasa,Holy of Holies,13460.0,414.0,1260.0,8410.0,20.0,225.79,
ata,ata,Tank,Support,Physical,397.97,expert,Hecate's Diadem,Holy of Holies,Muramasa,Arctic Orbs,Boomstick,Staff of Nuul,13460.0,414.0,1260.0,8410.0,20.0,231.7,
aya,aya,Support,Support,Magic,393.36,expert,Muramasa,Staff of Nuul,Holy of Holies,Boomstick,Arctic Orbs,Hecate's Diadem,13460.0,396.0,1260.0,7139.0,20.0,227.02,
azzen_ka,azzen_ka,Mage,Mid,Magic,395.01,expert,Staff of Nuul,Hecate's Diadem,Holy of Holies,Boomstick,Muramasa,Arctic Orbs,13460.0,408.0,1260.0,6844.0,20.0,234.7,
baldum,baldum,Tank,Support,Physical,398.41,expert,Muramasa,Boomstick,Hecate's Diadem,Staff of Nuul,Arctic Orbs,Holy of Holies,13460.0,414.0,1260.0,8414.0,20.0,230.54,
baldum,baldum,Support,Support,Physical,398.41,expert,Arctic Orbs,Staff of Nuul,Holy of Holies,Boomstick,Hecate's Diadem,Muramasa,13460.0,414.0,1260.0,8414.0,20.0,224.71,
bijan,bijan,Fighter,Dark Slayer,Physical,331.29,expert,Staff of Nuul,Arctic Orbs,Boomstick,Holy of Holies,Hecate's Diadem,Muramasa,13460.0,75.0,1260.0,0.0,20.0,213.08,
bijan,bijan,Fighter,Farm,Physical,331.29,expert,Holy of Holies,Hecate's Diadem,Muramasa,Staff of Nuul,Arctic Orbs,Boomstick,13460.0,75.0,1260.0,0.0,20.0,234.03,
bonnie,bonnie,Mage,Mid,Magic,331.29,expert,Muramasa,Holy of Holies,Staff of Nuul,Hecate's Diadem,Boomstick,Arctic Orbs,13460.0,75.0,1260.0,0.0,20.0,221.05,
bright,bright,Fighter,Farm,Physical,412.24,expert,Arctic Orbs,Boomstick,Holy of Holies,Staff of Nuul,Muramasa,Hecate's Diadem,13460.0,516.0,1260.0,7488.0,20.0,215.04,
bright,bright,Fighter,Dark Slayer,Physical,412.24,expert,Arctic Orbs,Holy of Holies,Boomstick,Hecate's Diadem,Staff of Nuul,Muramasa,13460.0,516.0,1260.0,7488.0,20.0,226.17,
butterfly,butterfly,Fighter,Farm,Physical,415.86,expert,Arctic Orbs,Staff of Nuul,Boomstick,Holy of Holies,Hecate's Diadem,Muramasa,13460.0,540.0,1260.0,7819.0,20.0,224.38,
butterfly,butterfly,Assassin,Farm,Physical,415.86,expert,Arctic Orbs,Muramasa,Boomstick,Holy of Holies,Staff of Nuul,Hecate's Diadem,13460.0,540.0,1260.0,7819.0,20.0,229.04,
capheny,capheny,Carry,Dragon Slayer,Physical,331.29,expert,Hecate's Diadem,Arctic Orbs,Boomstick,Staff of Nuul,Muramasa,Holy of Holies,13460.0,75.0,1260.0,0.0,20.0,228.54,
celica,celica,Carry,Dragon Slayer,Physical,331.29,expert,Muramasa,Boomstick,Holy of Holies,Arctic Orbs,Hecate's Diadem,Staff of Nuul,13460.0,75.0,1260.0,0.0,20.0,232.55,
charlotte,charlotte,Fighter,Dark Slayer,Physical,331.29,expert,Holy of Holies,Muramasa,Boomstick,Staff of Nuul,Hecate's Diadem,Arctic Orbs,13460.0,75.0,1260.0,0.0,20.0,229.03,
charlotte,charlotte,Fighter,Farm,Physical,331.29,expert,Muramasa,Hecate's Diadem,Staff of Nuul,Holy of Holies,Boomstick,Arctic Orbs,13460.0,75.0,1260.0,0.0,20.0,215.53,
chaugnar,chaugnar,Tank,Support,Physical,393.13,expert,Arctic Orbs,Muramasa,Holy of Holies,Staff of Nuul,Boomstick,Hecate's Diadem,13460.0,371.0,1260.0,8981.0,20.0,226.02,
chaugnar,chaugnar,Support,Support,Physical,393.13,expert,Holy of Holies,Muramasa,Boomstick,Hecate's Diadem,Staff of Nuul,Arctic Orbs,13460.0,371.0,1260.0,8981.0,20.0,232.01,
cresht,cresht,Tank,Support,Physical,394.43,expert,Holy of Holies,Muramasa,Boomstick,Arctic Orbs,Staff of Nuul,Hecate's Diadem,13460.0,375.0,1260.0,9616.0,20.0,233.21,
cresht,cresht,Support,Support,Physical,394.43,expert,Holy of Holies,Staff of Nuul,Arctic Orbs,Hecate's Diadem,Muramasa,Boomstick,13460.0,375.0,1260.0,9616.0,20.0,233.54,
d_arcy,d_arcy,Mage,Mid,Magic,331.29,expert,Arctic Orbs,Boomstick,Holy of Holies,Hecate's Diadem,Muramasa,Staff of Nuul,13460.0,75.0,1260.0,0.0,20.0,218.02,
dextra,dextra,Fighter,Dark Slayer,Physical,401.21,expert,Staff of Nuul,Holy of Holies,Hecate's Diadem,Boomstick,Muramasa,Arctic Orbs,13460.0,433.0,1260.0,8610.0,20.0,232.03,
dextra,dextra,Tank,Dark Slayer,Physical,401.21,expert,Holy of Holies,Hecate's Diadem,Muramasa,Staff of Nuul,Arctic Orbs,Boomstick,13460.0,433.0,1260.0,8610.0,20.0,225.61,
diao_chan,diao_chan,Mage,Mid,Magic,390.42,expert,Arctic Orbs,Boomstick,Muramasa,Holy of Holies,Hecate's Diadem,Staff of Nuul,13460.0,378.0,1260.0,6988.0,20.0,227.2,
dirak,dirak,Mage,Mid,Magic,388.16,expert,Holy of Holies,Staff of Nuul,Boomstick,Muramasa,Arctic Orbs,Hecate's Diadem,13460.0,368.0,1260.0,6290.0,20.0,228.02,
dolia,dolia,Support,Support,Magic,331.29,expert,Staff of Nuul,Muramasa,Arctic Orbs,Boomstick,Holy of Holies,Hecate's Diadem,13460.0,75.0,1260.0,0.0,20.0,229.04,
eland_orr,eland_orr,Carry,Farm,Physical,406.09,expert,Staff of Nuul,Hecate's Diadem,Arctic Orbs,Boomstick,Muramasa,Holy of Holies,13460.0,483.0,1260.0,6649.0,20.0,214.53,
eland_orr,eland_orr,Carry,Dragon Slayer,Physical,406.09,expert,Staff of Nuul,Muramasa,Arctic Orbs,Holy of Holies,Boomstick,Hecate's Diadem,13460.0,483.0,1260.0,6649.0,20.0,228.4,
elsu,elsu,Carry,Dragon Slayer,Physical,331.29,expert,Muramasa,Holy of Holies,Arctic Orbs,Staff of Nuul,Hecate's Diadem,Boomstick,13460.0,75.0,1260.0,0.0,20.0,216.54,
enzo,enzo,Assassin,Farm,Physical,331.29,expert,Staff of Nuul,Muramasa,Boomstick,Arctic Orbs,Hecate's Diadem,Holy of Holies,13460.0,75.0,1260.0,0.0,20.0,225.96,
erin,erin,Carry,Dragon Slayer,Physical,331.29,expert,Staff of Nuul,Boomstick,Muramasa,Hecate's Diadem,Holy of Holies,Arctic Orbs,13460.0,75.0,1260.0,0.0,20.0,220.54,
erin,erin,Carry,Farm,Physical,331.29,expert,Hecate's Diadem,Staff of Nuul,Muramasa,Boomstick,Holy of Holies,Arctic Orbs,13460.0,75.0,1260.0,0.0,20.0,220.54,
errol,errol,Fighter,Dark Slayer,Physical,331.29,expert,Staff of Nuul,Boomstick,Holy of Holies,Muramasa,Arctic Orbs,Hecate's Diadem,13460.0,75.0,1260.0,0.0,20.0,225.11,
fennik,fennik,Carry,Farm,Physical,405.92,expert,Staff of Nuul,Boomstick,Muramasa,Arctic Orbs,Hecate's Diadem,Holy of Holies,13460.0,479.0,1260.0,6985.0,20.0,229.02,
fennik,fennik,Carry,Dragon Slayer,Physical,405.92,expert,Holy of Holies,Staff of Nuul,Muramasa,Hecate's Diadem,Arctic Orbs,Boomstick,13460.0,479.0,1260.0,6985.0,20.0,229.54,
florentino,florentino,Fighter,Dark Slayer,Physical,331.29,expert,Holy of Holies,Staff of Nuul,Arctic Orbs,Muramasa,Boomstick,Hecate's Diadem,13460.0,75.0,1260.0,0.0,20.0,218.71,
gildur,gildur,Tank,Support,Physical,399.59,expert,Muramasa,Hecate's Diadem,Holy of Holies,Staff of Nuul,Boomstick,Arctic Orbs,13460.0,422.0,1260.0,8578.0,20.0,239.55,
gildur,gildur,Tank,Dark Slayer,Physical,399.59,expert,Muramasa,Hecate's Diadem,Boomstick,Arctic Orbs,Staff of Nuul,Holy of Holies,13460.0,422.0,1260.0,8578.0,20.0,236.54,
gildur,gildur,Support,Support,Physical,399.59,expert,Staff of Nuul,Arctic Orbs,Boomstick,Muramasa,Hecate's Diadem,Holy of Holies,13460.0,422.0,1260.0,8578.0,20.0,217.72,
gildur,gildur,Support,Dark Slayer,Physical,399.59,expert,Staff of Nuul,Muramasa,Boomstick,Holy of Holies,Hecate's Diadem,Arctic Orbs,13460.0,422.0,1260.0,8578.0,20.0,228.77,
grakk,grakk,Tank,Support,Physical,388.47,expert,Arctic Orbs,Holy of Holies,Muramasa,Staff of Nuul,Hecate's Diadem,Boomstick,13460.0,348.0,1260.0,8546.0,20.0,226.1,
grakk,grakk,Support,Support,Physical,388.47,expert,Holy of Holies,Boomstick,Hecate's Diadem,Staff of Nuul,Arctic Orbs,Muramasa,13460.0,348.0,1260.0,8546.0,20.0,223.06,
hayate,hayate,Carry,Dragon Slayer,Physical,400.47,expert,Staff of Nuul,Boomstick,Holy of Holies,Arctic Orbs,Hecate's Diadem,Muramasa,13460.0,445.0,1260.0,6640.0,20.0,218.03,
helen,helen,Support,Support,Magic,389.4,expert,Staff of Nuul,Holy of Holies,Boomstick,Hecate's Diadem,Arctic Orbs,Muramasa,13460.0,367.0,1260.0,7169.0,20.0,219.03,
iggy,iggy,Mage,Mid,Magic,398.0,expert,Holy of Holies,Hecate's Diadem,Boomstick,Arctic Orbs,Muramasa,Staff of Nuul,13460.0,431.0,1260.0,6730.0,20.0,233.17,
ignis,ignis,Mage,Mid,Magic,390.45,expert,Holy of Holies,Staff of Nuul,Hecate's Diadem,Arctic Orbs,Muramasa,Boomstick,13460.0,372.0,1260.0,7234.0,20.0,224.54,
ilumia,ilumia,Mage,Mid,Magic,395.28,expert,Hecate's Diadem,Holy of Holies,Muramasa,Arctic Orbs,Boomstick,Staff of Nuul,13460.0,411.0,1260.0,6486.0,20.0,215.02,
ishar,ishar,Mage,Mid,Magic,379.73,expert,Holy of Holies,Boomstick,Staff of Nuul,Hecate's Diadem,Muramasa,Arctic Orbs,13460.0,307.0,1260.0,7134.0,20.0,236.03,
ishar,ishar,Mage,Support,Magic,379.73,expert,Holy of Holies,Boomstick,Muramasa,Arctic Orbs,Hecate's Diadem,Staff of Nuul,13460.0,307.0,1260.0,7134.0,20.0,226.03,
ishar,ishar,Support,Mid,Magic,379.73,expert,Staff of Nuul,Boomstick,Hecate's Diadem,Muramasa,Arctic Orbs,Holy of Holies,13460.0,307.0,1260.0,7134.0,20.0,227.72,
ishar,ishar,Support,Support,Magic,379.73,expert,Staff of Nuul,Boomstick,Holy of Holies,Hecate's Diadem,Muramasa,Arctic Orbs,13460.0,307.0,1260.0,7134.0,20.0,216.03,
jinna,jinna,Mage,Mid,Magic,394.83,expert,Staff of Nuul,Holy of Holies,Boomstick,Muramasa,Hecate's Diadem,Arctic Orbs,13460.0,402.0,1260.0,7424.0,20.0,218.59,
kahlii,kahlii,Mage,Mid,Magic,397.25,expert,Muramasa,Staff of Nuul,Holy of Holies,Arctic Orbs,Hecate's Diadem,Boomstick,13460.0,426.0,1260.0,6730.0,20.0,219.02,
kaine,kaine,Assassin,Farm,Physical,409.69,expert,Holy of Holies,Hecate's Diadem,Boomstick,Arctic Orbs,Staff of Nuul,Muramasa,13460.0,501.0,1260.0,7492.0,20.0,233.06,
keera,keera,Assassin,Farm,Physical,407.66,expert,Hecate's Diadem,Staff of Nuul,Arctic Orbs,Muramasa,Holy of Holies,Boomstick,13460.0,488.0,1260.0,7608.0,20.0,234.13,
kill_groth,kill_groth,Fighter,Dark Slayer,Physical,403.7,expert,Staff of Nuul,Holy of Holies,Hecate's Diadem,Boomstick,Arctic Orbs,Muramasa,13460.0,450.0,1260.0,8416.0,20.0,217.02,
kriknak,kriknak,Assassin,Farm,Physical,410.64,expert,Muramasa,Boomstick,Holy of Holies,Arctic Orbs,Staff of Nuul,Hecate's Diadem,13460.0,506.0,1260.0,7465.0,20.0,232.66,
krixi,krixi,Mage,Mid,Magic,390.19,expert,Hecate's Diadem,Arctic Orbs,Holy of Holies,Staff of Nuul,Muramasa,Boomstick,13460.0,375.0,1260.0,7176.0,20.0,229.06,
krizzix,krizzix,Support,Support,Magic,391.77,expert,Boomstick,Arctic Orbs,Staff of Nuul,Holy of Holies,Hecate's Diadem,Muramasa,13460.0,372.0,1260.0,8366.0,20.0,233.05,
lauriel,lauriel,Mage,Mid,Magic,389.2,expert,Hecate's Diadem,Boomstick,Arctic Orbs,Staff of Nuul,Holy of Holies,Muramasa,13460.0,369.0,1260.0,6871.0,20.0,229.03,
laville,laville,Carry,Dragon Slayer,Physical,331.29,expert,Staff of Nuul,Boomstick,Arctic Orbs,Holy of Holies,Muramasa,Hecate's Diadem,13460.0,75.0,1260.0,0.0,20.0,225.54,
liliana,liliana,Mage,Mid,Magic,331.29,expert,Staff of Nuul,Hecate's Diadem,Muramasa,Holy of Holies,Boomstick,Arctic Orbs,13460.0,75.0,1260.0,0.0,20.0,230.04,
liliana,liliana,Assassin,Mid,Magic,331.29,expert,Muramasa,Holy of Holies,Hecate's Diadem,Staff of Nuul,Arctic Orbs,Boomstick,13460.0,75.0,1260.0,0.0,20.0,227.16,
lindis,lindis,Carry,Farm,Physical,410.08,expert,Arctic Orbs,Holy of Holies,Boomstick,Staff of Nuul,Muramasa,Hecate's Diadem,13460.0,507.0,1260.0,7059.0,20.0,223.77,
lindis,lindis,Carry,Dragon Slayer,Physical,410.08,expert,Muramasa,Arctic Orbs,Staff of Nuul,Boomstick,Hecate's Diadem,Holy of Holies,13460.0,507.0,1260.0,7059.0,20.0,217.03,
lorion,lorion,Mage,Mid,,,,,,,,,,,,,,,,unsupported operand type(s) for +: 'NoneType' and 'int'
lu_bu,lu_bu,Fighter,Dark Slayer,Physical,407.1,expert,Muramasa,Boomstick,Staff of Nuul,Hecate's Diadem,Arctic Orbs,Holy of Holies,13460.0,473.0,1260.0,8771.0,20.0,227.78,
lumburr,lumburr,Tank,Support,Physical,389.42,expert,Staff of Nuul,Boomstick,Holy of Holies,Arctic Orbs,Hecate's Diadem,Muramasa,13460.0,348.0,1260.0,9596.0,20.0,223.54,
lumburr,lumburr,Support,Support,Physical,389.42,expert,Boomstick,Holy of Holies,Staff of Nuul,Muramasa,Hecate's Diadem,Arctic Orbs,13460.0,348.0,1260.0,9596.0,20.0,227.03,
maloch,maloch,Fighter,Dark Slayer,Physical,398.67,expert,Holy of Holies,Hecate's Diadem,Muramasa,Boomstick,Staff of Nuul,Arctic Orbs,13460.0,417.0,1260.0,8554.0,20.0,230.04,
maloch,maloch,Tank,Dark Slayer,Physical,398.67,expert,Staff of Nuul,Holy of Holies,Muramasa,Boomstick,Arctic Orbs,Hecate's Diadem,13460.0,417.0,1260.0,8554.0,20.0,228.02,
marja,marja,Mage,Dark Slayer,Magic,331.29,expert,Muramasa,Arctic Orbs,Hecate's Diadem,Holy of Holies,Boomstick,Staff of Nuul,13460.0,75.0,1260.0,0.0,20.0,217.55,
max,max,Tank,Dark Slayer,Physical,331.29,expert,Holy of Holies,Muramasa,Arctic Orbs,Staff of Nuul,Hecate's Diadem,Boomstick,13460.0,75.0,1260.0,0.0,20.0,222.07,
mganga,mganga,Mage,Mid,Magic,398.53,expert,Holy of Holies,Muramasa,Arctic Orbs,Hecate's Diadem,Boomstick,Staff of Nuul,13460.0,421.0,1260.0,7961.0,20.0,217.02,
mina,mina,Tank,Dark Slayer,Physical,396.81,expert,Arctic Orbs,Holy of Holies,Boomstick,Muramasa,Staff of Nuul,Hecate's Diadem,13460.0,403.0,1260.0,8690.0,20.0,236.03,
mina,mina,Tank,Support,Physical,396.81,expert,Staff of Nuul,Hecate's Diadem,Arctic Orbs,Holy of Holies,Boomstick,Muramasa,13460.0,403.0,1260.0,8690.0,20.0,234.03,
mina,mina,Support,Dark Slayer,Physical,396.81,expert,Boomstick,Holy of Holies,Staff of Nuul,Muramasa,Hecate's Diadem,Arctic Orbs,13460.0,403.0,1260.0,8690.0,20.0,229.05,
mina,mina,Support,Support,Physical,396.81,expert,Hecate's Diadem,Staff of Nuul,Muramasa,Boomstick,Holy of Holies,Arctic Orbs,13460.0,403.0,1260.0,8690.0,20.0,229.47,
ming,ming,Support,Support,Magic,331.29,expert,Hecate's Diadem,Staff of Nuul,Holy of Holies,Boomstick,Muramasa,Arctic Orbs,13460.0,75.0,1260.0,0.0,20.0,231.02,
moren,moren,Carry,Dragon Slayer,Physical,405.16,expert,Boomstick,Holy of Holies,Hecate's Diadem,Muramasa,Staff of Nuul,Arctic Orbs,13460.0,476.0,1260.0,6987.0,20.0,234.22,
mortos,mortos,Fighter,Dark Slayer,Physical,407.03,expert,Holy of Holies,Hecate's Diadem,Muramasa,Staff of Nuul,Arctic Orbs,Boomstick,13460.0,467.0,1260.0,9259.0,20.0,226.03,
murad,murad,Assassin,Farm,Physical,406.28,expert,Muramasa,Arctic Orbs,Staff of Nuul,Boomstick,Holy of Holies,Hecate's Diadem,13460.0,483.0,1260.0,6633.0,20.0,233.54,
nakroth,nakroth,Assassin,Farm,Physical,409.84,expert,Arctic Orbs,Boomstick,Staff of Nuul,Hecate's Diadem,Holy of Holies,Muramasa,13460.0,507.0,1260.0,6928.0,20.0,230.21,
natalya,natalya,Mage,Mid,Magic,395.21,expert,Staff of Nuul,Boomstick,Arctic Orbs,Hecate's Diadem,Holy of Holies,Muramasa,13460.0,406.0,1260.0,7411.0,20.0,229.03,
omega,omega,Tank,Support,Physical,393.54,expert,Staff of Nuul,Holy of Holies,Hecate's Diadem,Boomstick,Arctic Orbs,Muramasa,13460.0,385.0,1260.0,8206.0,20.0,231.02,
omega,omega,Tank,Dark Slayer,Physical,393.54,expert,Holy of Holies,Boomstick,Arctic Orbs,Staff of Nuul,Muramasa,Hecate's Diadem,13460.0,385.0,1260.0,8206.0,20.0,225.55,
omega,omega,Support,Support,Physical,393.54,expert,Muramasa,Boomstick,Staff of Nuul,Holy of Holies,Arctic Orbs,Hecate's Diadem,13460.0,385.0,1260.0,8206.0,20.0,229.54,
omega,omega,Support,Dark Slayer,Physical,393.54,expert,Holy of Holies,Staff of Nuul,Muramasa,Boomstick,Hecate's Diadem,Arctic Orbs,13460.0,385.0,1260.0,8206.0,20.0,221.03,
omen,omen,Fighter,Dark Slayer,Physical,396.79,expert,Holy of Holies,Hecate's Diadem,Arctic Orbs,Boomstick,Staff of Nuul,Muramasa,13460.0,404.0,1260.0,8415.0,20.0,216.02,
ormarr,ormarr,Tank,Support,Physical,397.69,expert,Arctic Orbs,Boomstick,Staff of Nuul,Muramasa,Hecate's Diadem,Holy of Holies,13460.0,407.0,1260.0,8970.0,20.0,234.55,
paine,paine,Assassin,Farm,,,,,,,,,,,,,,,,unsupported operand type(s) for +: 'NoneType' and 'int'
preyta,preyta,Mage,Mid,Magic,398.24,expert,Hecate's Diadem,Holy of Holies,Boomstick,Muramasa,Staff of Nuul,Arctic Orbs,13460.0,430.0,1260.0,6658.0,20.0,231.03,
qi,qi,Fighter,Dark Slayer,Physical,331.29,expert,Hecate's Diadem,Staff of Nuul,Muramasa,Boomstick,Holy of Holies,Arctic Orbs,13460.0,75.0,1260.0,0.0,20.0,220.03,
qi,qi,Fighter,Farm,Physical,331.29,expert,Holy of Holies,Staff of Nuul,Arctic Orbs,Hecate's Diadem,Boomstick,Muramasa,13460.0,75.0,1260.0,0.0,20.0,223.03,
qi,qi,Assassin,Dark Slayer,Physical,331.29,expert,Staff of Nuul,Boomstick,Hecate's Diadem,Arctic Orbs,Muramasa,Holy of Holies,13460.0,75.0,1260.0,0.0,20.0,232.55,
qi,qi,Assassin,Farm,Physical,331.29,expert,Muramasa,Holy of Holies,Hecate's Diadem,Boomstick,Staff of Nuul,Arctic Orbs,13460.0,75.0,1260.0,0.0,20.0,221.54,
quillen,quillen,Assassin,Farm,Physical,331.29,expert,Muramasa,Hecate's Diadem,Staff of Nuul,Boomstick,Arctic Orbs,Holy of Holies,13460.0,75.0,1260.0,0.0,20.0,212.53,
raz,raz,Assassin,Mid,Magic,391.04,expert,Muramasa,Arctic Orbs,Staff of Nuul,Boomstick,Holy of Holies,Hecate's Diadem,13460.0,376.0,1260.0,7273.0,20.0,229.85,
raz,raz,Mage,Mid,Magic,391.04,expert,Staff of Nuul,Holy of Holies,Arctic Orbs,Boomstick,Hecate's Diadem,Muramasa,13460.0,376.0,1260.0,7273.0,20.0,227.55,
riktor,riktor,Fighter,Dark Slayer,Physical,331.29,expert,Staff of Nuul,Hecate's Diadem,Muramasa,Arctic Orbs,Boomstick,Holy of Holies,13460.0,75.0,1260.0,0.0,20.0,214.05,
riktor,riktor,Fighter,Support,Physical,331.29,expert,Holy of Holies,Hecate's Diadem,Muramasa,Arctic Orbs,Boomstick,Staff of Nuul,13460.0,75.0,1260.0,0.0,20.0,218.46,
rouie,rouie,Support,Support,Magic,388.59,expert,Boomstick,Staff of Nuul,Hecate's Diadem,Arctic Orbs,Holy of Holies,Muramasa,13460.0,358.0,1260.0,8063.0,20.0,228.03,
rourke,rourke,Fighter,Farm,Physical,331.29,expert,Arctic Orbs,Hecate's Diadem,Holy of Holies,Boomstick,Muramasa,Staff of Nuul,13460.0,75.0,1260.0,0.0,20.0,213.59,
roxie,roxie,Fighter,Dark Slayer,Physical,331.29,expert,Hecate's Diadem,Muramasa,Boomstick,Holy of Holies,Staff of Nuul,Arctic Orbs,13460.0,75.0,1260.0,0.0,20.0,229.54,
roxie,roxie,Tank,Dark Slayer,Physical,331.29,expert,Hecate's Diadem,Boomstick,Staff of Nuul,Arctic Orbs,Muramasa,Holy of Holies,13460.0,75.0,1260.0,0.0,20.0,222.54,
ryoma,ryoma,Fighter,Dark Slayer,Physical,405.62,expert,Boomstick,Muramasa,Staff of Nuul,Arctic Orbs,Hecate's Diadem,Holy of Holies,13460.0,465.0,1260.0,8260.0,20.0,216.36,
ryoma,ryoma,Fighter,Farm,Physical,405.62,expert,Holy of Holies,Boomstick,Hecate's Diadem,Staff of Nuul,Muramasa,Arctic Orbs,13460.0,465.0,1260.0,8260.0,20.0,218.03,
ryoma,ryoma,Assassin,Dark Slayer,Physical,405.62,expert,Staff of Nuul,Hecate's Diadem,Arctic Orbs,Muramasa,Boomstick,Holy of Holies,13460.0,465.0,1260.0,8260.0,20.0,224.91,
ryoma,ryoma,Assassin,Farm,Physical,405.62,expert,Staff of Nuul,Holy of Holies,Hecate's Diadem,Muramasa,Arctic Orbs,Boomstick,13460.0,465.0,1260.0,8260.0,20.0,221.15,
sephera,sephera,Mage,Support,Magic,331.29,expert,Muramasa,Boomstick,Staff of Nuul,Hecate's Diadem,Arctic Orbs,Holy of Holies,13460.0,75.0,1260.0,0.0,20.0,220.02,
sephera,sephera,Mage,Mid,Magic,331.29,expert,Staff of Nuul,Holy of Holies,Arctic Orbs,Hecate's Diadem,Muramasa,Boomstick,13460.0,75.0,1260.0,0.0,20.0,218.05,
sephera,sephera,Support,Support,Magic,331.29,expert,Hecate's Diadem,Holy of Holies,Muramasa,Arctic Orbs,Boomstick,Staff of Nuul,13460.0,75.0,1260.0,0.0,20.0,213.02,
sephera,sephera,Support,Mid,Magic,331.29,expert,Staff of Nuul,Boomstick,Hecate's Diadem,Muramasa,Arctic Orbs,Holy of Holies,13460.0,75.0,1260.0,0.0,20.0,225.54,
sinestrea,sinestrea,Assassin,Farm,Physical,409.09,expert,Staff of Nuul,Arctic Orbs,Hecate's Diadem,Boomstick,Holy of Holies,Muramasa,13460.0,498.0,1260.0,7343.0,20.0,219.54,
sinestrea,sinestrea,Assassin,Dark Slayer,Physical,409.09,expert,Arctic Orbs,Muramasa,Holy of Holies,Staff of Nuul,Boomstick,Hecate's Diadem,13460.0,498.0,1260.0,7343.0,20.0,225.03,
skud,skud,Fighter,Dark Slayer,Physical,403.62,expert,Muramasa,Hecate's Diadem,Boomstick,Arctic Orbs,Staff of Nuul,Holy of Holies,13460.0,441.0,1260.0,10184.0,20.0,218.03,
skud,skud,Fighter,Farm,Physical,403.61,expert,Muramasa,Arctic Orbs,Fenrir's Tooth,Staff of Nuul,Holy of Holies,Hecate's Diadem,14610.0,641.0,1060.0,10184.0,20.0,224.68,
skud,skud,Tank,Dark Slayer,Physical,403.62,expert,Arctic Orbs,Hecate's Diadem,Boomstick,Staff of Nuul,Muramasa,Holy of Holies,13460.0,441.0,1260.0,10184.0,20.0,233.49,
skud,skud,Tank,Farm,Physical,403.62,expert,Muramasa,Staff of Nuul,Holy of Holies,Boomstick,Hecate's Diadem,Arctic Orbs,13460.0,441.0,1260.0,10184.0,20.0,227.17,
slimz,slimz,Carry,Dragon Slayer,Physical,404.67,expert,Holy of Holies,Hecate's Diadem,Arctic Orbs,Boomstick,Staff of Nuul,Muramasa,13460.0,469.0,1260.0,7198.0,20.0,230.03,
stuart,stuart,Carry,Dragon Slayer,Physical,413.0,expert,Arctic Orbs,Muramasa,Boomstick,Holy of Holies,Staff of Nuul,Hecate's Diadem,13460.0,527.0,1260.0,6978.0,20.0,216.48,
superman,superman,Fighter,Dark Slayer,Physical,398.5,expert,Muramasa,Boomstick,Staff of Nuul,Hecate's Diadem,Arctic Orbs,Holy of Holies,13460.0,418.0,1260.0,8366.0,20.0,225.03,
taara,taara,Fighter,Dark Slayer,Physical,401.44,expert,Muramasa,Staff of Nuul,Arctic Orbs,Boomstick,Holy of Holies,Hecate's Diadem,13460.0,434.0,1260.0,8566.0,20.0,221.06,
taara,taara,Tank,Dark Slayer,Physical,401.44,expert,Staff of Nuul,Muramasa,Holy of Holies,Boomstick,Hecate's Diadem,Arctic Orbs,13460.0,434.0,1260.0,8566.0,20.0,227.97,
tachi,tachi,Fighter,Dark Slayer,,,,,,,,,,,,,,,,unsupported operand type(s) for +: 'NoneType' and 'int'
tachi,tachi,Fighter,Farm,,,,,,,,,,,,,,,,unsupported operand type(s) for +: 'NoneType' and 'int'
teemee,teemee,Tank,Support,Physical,389.05,expert,Muramasa,Boomstick,Staff of Nuul,Arctic Orbs,Hecate's Diadem,Holy of Holies,13460.0,357.0,1260.0,7867.0,20.0,225.35,
teemee,teemee,Support,Support,Physical,389.05,expert,Arctic Orbs,Muramasa,Boomstick,Staff of Nuul,Hecate's Diadem,Holy of Holies,13460.0,357.0,1260.0,7867.0,20.0,237.03,
teeri,teeri,Carry,Dragon Slayer,Physical,331.29,expert,Staff of Nuul,Holy of Holies,Arctic Orbs,Boomstick,Muramasa,Hecate's Diadem,13460.0,75.0,1260.0,0.0,20.0,238.18,
tel_annas,tel_annas,Carry,Dragon Slayer,Physical,413.49,expert,Staff of Nuul,Muramasa,Hecate's Diadem,Boomstick,Arctic Orbs,Holy of Holies,13460.0,535.0,1260.0,7173.0,20.0,238.15,
thane,thane,Tank,Support,Physical,398.96,expert,Staff of Nuul,Boomstick,Arctic Orbs,Muramasa,Hecate's Diadem,Holy of Holies,13460.0,409.0,1260.0,9155.0,20.0,239.76,
thane,thane,Tank,Dark Slayer,Physical,398.96,expert,Muramasa,Holy of Holies,Boomstick,Arctic Orbs,Staff of Nuul,Hecate's Diadem,13460.0,409.0,1260.0,9155.0,20.0,225.03,
the_flash,the_flash,Assassin,Farm,Physical,331.29,expert,Hecate's Diadem,Holy of Holies,Boomstick,Staff of Nuul,Arctic Orbs,Muramasa,13460.0,75.0,1260.0,0.0,20.0,218.64,
the_flash,the_flash,Assassin,Mid,Physical,331.29,expert,Hecate's Diadem,Staff of Nuul,Arctic Orbs,Boomstick,Holy of Holies,Muramasa,13460.0,75.0,1260.0,0.0,20.0,223.03,
thorne,thorne,Carry,Dragon Slayer,Physical,408.32,expert,Staff of Nuul,Holy of Holies,Arctic Orbs,Muramasa,Hecate's Diadem,Fenrir's Tooth,14610.0,696.0,1060.0,7040.0,20.0,232.03,
thorne,thorne,Carry,Farm,Physical,408.33,expert,Staff of Nuul,Muramasa,Holy of Holies,Boomstick,Arctic Orbs,Hecate's Diadem,13460.0,496.0,1260.0,7040.0,20.0,232.5,
toro,toro,Tank,Support,Physical,391.88,expert,Staff of Nuul,Hecate's Diadem,Muramasa,Holy of Holies,Boomstick,Arctic Orbs,13460.0,361.0,1260.0,9178.0,20.0,217.03,
toro,toro,Tank,Dark Slayer,Physical,391.88,expert,Muramasa,Hecate's Diadem,Holy of Holies,Staff of Nuul,Arctic Orbs,Boomstick,13460.0,361.0,1260.0,9178.0,20.0,237.55,
toro,toro,Support,Support,Physical,391.88,expert,Staff of Nuul,Hecate's Diadem,Boomstick,Holy of Holies,Muramasa,Arctic Orbs,13460.0,361.0,1260.0,9178.0,20.0,226.03,
toro,toro,Support,Dark Slayer,Physical,391.88,expert,Muramasa,Holy of Holies,Arctic Orbs,Boomstick,Staff of Nuul,Hecate's Diadem,13460.0,361.0,1260.0,9178.0,20.0,229.54,
tulen,tulen,Mage,Mid,Magic,389.23,expert,Hecate's Diadem,Muramasa,Boomstick,Holy of Holies,Arctic Orbs,Staff of Nuul,13460.0,369.0,1260.0,6915.0,20.0,222.96,
valhein,valhein,Carry,Dragon Slayer,Physical,403.49,expert,Arctic Orbs,Staff of Nuul,Holy of Holies,Boomstick,Muramasa,Hecate's Diadem,13460.0,463.0,1260.0,6970.0,20.0,223.54,
veera,veera,Mage,Mid,Magic,395.15,expert,Holy of Holies,Arctic Orbs,Hecate's Diadem,Muramasa,Boomstick,Staff of Nuul,13460.0,406.0,1260.0,7317.0,20.0,216.03,
veres,veres,Fighter,Dark Slayer,Physical,331.29,expert,Muramasa,Staff of Nuul,Hecate's Diadem,Arctic Orbs,Boomstick,Holy of Holies,13460.0,75.0,1260.0,0.0,20.0,227.59,
violet,violet,Carry,Dragon Slayer,Physical,408.5,expert,Hecate's Diadem,Holy of Holies,Boomstick,Muramasa,Arctic Orbs,Staff of Nuul,13460.0,494.0,1260.0,7254.0,20.0,229.03,
volkath,volkath,Fighter,Dark Slayer,Physical,405.82,expert,Muramasa,Arctic Orbs,Staff of Nuul,Holy of Holies,Boomstick,Hecate's Diadem,13460.0,468.0,1260.0,7992.0,20.0,219.54,
volkath,volkath,Fighter,Farm,Physical,405.82,expert,Muramasa,Boomstick,Hecate's Diadem,Arctic Orbs,Staff of Nuul,Holy of Holies,13460.0,468.0,1260.0,7992.0,20.0,234.13,
volkath,volkath,Assassin,Dark Slayer,Physical,405.82,expert,Boomstick,Staff of Nuul,Hecate's Diadem,Muramasa,Arctic Orbs,Holy of Holies,13460.0,468.0,1260.0,7992.0,20.0,229.54,
volkath,volkath,Assassin,Farm,Physical,405.82,expert,Boomstick,Holy of Holies,Arctic Orbs,Muramasa,Staff of Nuul,Hecate's Diadem,13460.0,468.0,1260.0,7992.0,20.0,225.02,
wiro,wiro,Fighter,Support,Physical,331.29,expert,Holy of Holies,Staff of Nuul,Boomstick,Muramasa,Arctic Orbs,Hecate's Diadem,13460.0,75.0,1260.0,0.0,20.0,238.03,
wiro,wiro,Fighter,Dark Slayer,Physical,331.29,expert,Arctic Orbs,Hecate's Diadem,Boomstick,Staff of Nuul,Muramasa,Holy of Holies,13460.0,75.0,1260.0,0.0,20.0,230.05,
wiro,wiro,Tank,Support,Physical,331.29,expert,Boomstick,Staff of Nuul,Hecate's Diadem,Holy of Holies,Arctic Orbs,Muramasa,13460.0,75.0,1260.0,0.0,20.0,232.03,
wiro,wiro,Tank,Dark Slayer,Physical,331.29,expert,Muramasa,Staff of Nuul,Hecate's Diadem,Arctic Orbs,Boomstick,Holy of Holies,13460.0,75.0,1260.0,0.0,20.0,226.03,
wisp,wisp,Carry,Dragon Slayer,Physical,331.29,expert,Boomstick,Arctic Orbs,Holy of Holies,Hecate's Diadem,Staff of Nuul,Muramasa,13460.0,75.0,1260.0,0.0,20.0,222.54,
wonder_woman,wonder_woman,Fighter,Dark Slayer,Physical,407.17,expert,Staff of Nuul,Muramasa,Hecate's Diadem,Holy of Holies,Arctic Orbs,Boomstick,13460.0,471.0,1260.0,8775.0,20.0,228.46,
wukong,wukong,Assassin,Farm,,,,,,,,,,,,,,,,unsupported operand type(s) for +: 'NoneType' and 'int'
xeniel,xeniel,Tank,Dark Slayer,Physical,395.69,expert,Boomstick,Muramasa,Staff of Nuul,Hecate's Diadem,Holy of Holies,Arctic Orbs,13460.0,385.0,1260.0,9333.0,20.0,239.03,
xeniel,xeniel,Tank,Support,Physical,395.69,expert,Muramasa,Arctic Orbs,Staff of Nuul,Boomstick,Hecate's Diadem,Holy of Holies,13460.0,385.0,1260.0,9333.0,20.0,229.54,
xeniel,xeniel,Support,Dark Slayer,Physical,395.69,expert,Boomstick,Arctic Orbs,Staff of Nuul,Hecate's Diadem,Holy of Holies,Muramasa,13460.0,385.0,1260.0,9333.0,20.0,217.03,
xeniel,xeniel,Support,Support,Physical,395.69,expert,Arctic Orbs,Holy of Holies,Boomstick,Muramasa,Hecate's Diadem,Staff of Nuul,13460.0,385.0,1260.0,9333.0,20.0,226.53,
y_bneth,y_bneth,Tank,Support,Physical,331.29,expert,Holy of Holies,Hecate's Diadem,Arctic Orbs,Muramasa,Boomstick,Staff of Nuul,13460.0,75.0,1260.0,0.0,20.0,219.03,
y_bneth,y_bneth,Tank,Dark Slayer,Physical,331.29,expert,Staff of Nuul,Holy of Holies,Arctic Orbs,Muramasa,Hecate's Diadem,Boomstick,13460.0,75.0,1260.0,0.0,20.0,233.54,
yan,yan,Fighter,Farm,Physical,331.29,expert,Holy of Holies,Hecate's Diadem,Staff of Nuul,Arctic Orbs,Muramasa,Boomstick,13460.0,75.0,1260.0,0.0,20.0,232.03,
yan,yan,Fighter,Dark Slayer,Physical,331.29,expert,Muramasa,Hecate's Diadem,Arctic Orbs,Staff of Nuul,Boomstick,Holy of Holies,13460.0,75.0,1260.0,0.0,20.0,230.03,
yan,yan,Assassin,Farm,Physical,331.29,expert,Muramasa,Arctic Orbs,Boomstick,Staff of Nuul,Holy of Holies,Hecate's Diadem,13460.0,75.0,1260.0,0.0,20.0,230.56,
yan,yan,Assassin,Dark Slayer,Physical,331.29,expert,Arctic Orbs,Muramasa,Holy of Holies,Staff of Nuul,Boomstick,Hecate's Diadem,13460.0,75.0,1260.0,0.0,20.0,228.53,
yena,yena,Fighter,Dark Slayer,Physical,331.29,expert,Staff of Nuul,Muramasa,Holy of Holies,Arctic Orbs,Boomstick,Hecate's Diadem,13460.0,75.0,1260.0,0.0,20.0,221.04,
yorn,yorn,Carry,Dragon Slayer,Physical,408.23,expert,Staff of Nuul,Arctic Orbs,Hecate's Diadem,Boomstick,Muramasa,Holy of Holies,13460.0,494.0,1260.0,7152.0,20.0,217.03,
yue,yue,Mage,Mid,Magic,390.82,expert,Boomstick,Staff of Nuul,Muramasa,Hecate's Diadem,Holy of Holies,Arctic Orbs,13460.0,381.0,1260.0,7213.0,20.0,219.56,
zanis,zanis,Fighter,Farm,Physical,410.88,expert,Boomstick,Hecate's Diadem,Muramasa,Staff of Nuul,Holy of Holies,Arctic Orbs,13460.0,496.0,1260.0,8776.0,20.0,217.84,
zanis,zanis,Fighter,Dark Slayer,Physical,410.88,expert,Holy of Holies,Muramasa,Arctic Orbs,Boomstick,Staff of Nuul,Hecate's Diadem,13460.0,496.0,1260.0,8776.0,20.0,217.67,
zata,zata,Mage,Mid,Magic,331.29,expert,Staff of Nuul,Holy of Holies,Arctic Orbs,Muramasa,Hecate's Diadem,Boomstick,13460.0,75.0,1260.0,0.0,20.0,216.55,
zata,zata,Assassin,Mid,Magic,331.29,expert,Holy of Holies,Muramasa,Boomstick,Hecate's Diadem,Staff of Nuul,Arctic Orbs,13460.0,75.0,1260.0,0.0,20.0,223.02,
zephys,zephys,Fighter,Farm,Physical,409.63,expert,Boomstick,Muramasa,Holy of Holies,Arctic Orbs,Staff of Nuul,Hecate's Diadem,13460.0,493.0,1260.0,7992.0,20.0,230.54,
zephys,zephys,Fighter,Dark Slayer,Physical,409.63,expert,Staff of Nuul,Holy of Holies,Arctic Orbs,Muramasa,Hecate's Diadem,Boomstick,13460.0,493.0,1260.0,7992.0,20.0,219.12,
zephys,zephys,Assassin,Farm,Physical,409.63,expert,Staff of Nuul,Boomstick,Hecate's Diadem,Muramasa,Holy of Holies,Arctic Orbs,13460.0,493.0,1260.0,7992.0,20.0,215.84,
zephys,zephys,Assassin,Dark Slayer,Physical,409.63,expert,Muramasa,Boomstick,Holy of Holies,Hecate's Diadem,Staff of Nuul,Arctic Orbs,13460.0,493.0,1260.0,7992.0,20.0,226.37,
zill,zill,Assassin,Farm,Physical,399.99,expert,Muramasa,Holy of Holies,Arctic Orbs,Staff of Nuul,Boomstick,Hecate's Diadem,13460.0,442.0,1260.0,7865.0,20.0,229.76,
zip,zip,Support,Support,Magic,331.29,expert,Arctic Orbs,Muramasa,Holy of Holies,Staff of Nuul,Hecate's Diadem,Boomstick,13460.0,75.0,1260.0,0.0,20.0,220.54,
zuka,zuka,Fighter,Dark Slayer,Physical,409.93,expert,Muramasa,Boomstick,Holy of Holies,Staff of Nuul,Arctic Orbs,Hecate's Diadem,13460.0,503.0,1260.0,7319.0,20.0,218.03,
zuka,zuka,Fighter,Farm,Physical,409.93,expert,Muramasa,Boomstick,Hecate's Diadem,Arctic Orbs,Staff of Nuul,Holy of Holies,13460.0,503.0,1260.0,7319.0,20.0,224.02,
zuka,zuka,Assassin,Dark Slayer,Physical,409.93,expert,Muramasa,Staff of Nuul,Arctic Orbs,Hecate's Diadem,Holy of Holies,Boomstick,13460.0,503.0,1260.0,7319.0,20.0,215.68,
zuka,zuka,Assassin,Farm,Physical,409.93,expert,Arctic Orbs,Hecate's Diadem,Holy of Holies,Muramasa,Staff of Nuul,Boomstick,13460.0,503.0,1260.0,7319.0,20.0,227.06,
