-- MySQL dump 10.13  Distrib 8.0.19, for Win64 (x86_64)
--
-- Host: localhost    Database: rov
-- ------------------------------------------------------
-- Server version	9.2.0

/*!40101 SET @OLD_CHARACTER_SET_CLIENT=@@CHARACTER_SET_CLIENT */;
/*!40101 SET @OLD_CHARACTER_SET_RESULTS=@@CHARACTER_SET_RESULTS */;
/*!40101 SET @OLD_COLLATION_CONNECTION=@@COLLATION_CONNECTION */;
/*!50503 SET NAMES utf8mb4 */;
/*!40103 SET @OLD_TIME_ZONE=@@TIME_ZONE */;
/*!40103 SET TIME_ZONE='+00:00' */;
/*!40014 SET @OLD_UNIQUE_CHECKS=@@UNIQUE_CHECKS, UNIQUE_CHECKS=0 */;
/*!40014 SET @OLD_FOREIGN_KEY_CHECKS=@@FOREIGN_KEY_CHECKS, FOREIGN_KEY_CHECKS=0 */;
/*!40101 SET @OLD_SQL_MODE=@@SQL_MODE, SQL_MODE='NO_AUTO_VALUE_ON_ZERO' */;
/*!40111 SET @OLD_SQL_NOTES=@@SQL_NOTES, SQL_NOTES=0 */;

--
-- Table structure for table `heroes`
--

DROP TABLE IF EXISTS `heroes`;
/*!40101 SET @saved_cs_client     = @@character_set_client */;
/*!50503 SET character_set_client = utf8mb4 */;
CREATE TABLE `heroes` (
  `HeroID` varchar(10) CHARACTER SET utf8mb4 COLLATE utf8mb4_general_ci NOT NULL,
  `Hero_Name` varchar(100) CHARACTER SET utf8mb4 COLLATE utf8mb4_general_ci DEFAULT NULL,
  `First_Class` varchar(50) CHARACTER SET utf8mb4 COLLATE utf8mb4_general_ci DEFAULT NULL,
  `Second_Class` varchar(50) CHARACTER SET utf8mb4 COLLATE utf8mb4_general_ci DEFAULT NULL,
  `First_Lane` varchar(50) CHARACTER SET utf8mb4 COLLATE utf8mb4_general_ci DEFAULT NULL,
  `Second_Lane` varchar(50) CHARACTER SET utf8mb4 COLLATE utf8mb4_general_ci DEFAULT NULL,
  `Attack_Range` varchar(20) CHARACTER SET utf8mb4 COLLATE utf8mb4_general_ci DEFAULT NULL,
  PRIMARY KEY (`HeroID`)
) ENGINE=InnoDB DEFAULT CHARSET=utf8mb4 COLLATE=utf8mb4_general_ci;
/*!40101 SET character_set_client = @saved_cs_client */;

--
-- Dumping data for table `heroes`
--

LOCK TABLES `heroes` WRITE;
/*!40000 ALTER TABLE `heroes` DISABLE KEYS */;
INSERT INTO `heroes` VALUES ('H001','Yue','Mage','','Mid','','Ranged'),('H002','Aya','Support','','Support','','Ranged'),('H003','Tachi','Fighter','','Dark Slayer','Farm','Melee'),('H004','Bright','Fighter','','Farm','Dark Slayer','Ranged'),('H005','Lorion','Mage','','Mid','','Ranged'),('H006','Iggy','Mage','','Mid','','Ranged'),('H007','Allain','Fighter','','Dark Slayer','Farm','Melee'),('H008','Aoi','Assassin','','Farm','Dark Slayer','Melee'),('H009','Sinestrea','Assassin','','Farm','Dark Slayer','Melee'),('H010','Dextra','Fighter','Tank','Dark Slayer','','Melee'),('H011','Thorne','Carry','','Dragon Slayer','Farm','Ranged'),('H012','Keera','Assassin','','Farm','','Melee'),('H013','Dirak','Mage','','Mid','','Ranged'),('H014','Ata','Tank','','Dark Slayer','Support','Melee'),('H015','Rouie','Support','','Support','','Ranged'),('H016','Krizzix','Support','','Support','','Ranged'),('H017','Arduin','Fighter ','Tank','Dark Slayer','Support','Melee'),('H018','Wonder Woman','Fighter','','Dark Slayer','','Melee'),('H019','Stuart','Carry','','Dragon Slayer','','Ranged'),('H020','Xeniel','Tank','Support','Dark Slayer','Support','Melee'),('H021','Ignis','Mage','','Mid','','Ranged'),('H022','Kahlii','Mage','','Mid','','Ranged'),('H023','Taara','Fighter','Tank','Dark Slayer','','Melee'),('H024','Mganga','Mage','','Mid','','Ranged'),('H025','Alice','Support','','Support','','Ranged'),('H026','Ormarr','Tank','','Support','','Melee'),('H027','Chaugnar','Tank','Support','Support','','Melee'),('H028','Krixi','Mage','','Mid','','Ranged'),('H029','Ryoma','Fighter','Assassin','Dark Slayer','Farm','Melee'),('H030','Superman','Fighter','','Dark Slayer','','Melee'),('H031','Murad','Assassin','','Farm','','Melee'),('H032','Kill\'Groth','Fighter','','Dark Slayer','','Melee'),('H033','Zill','Assassin','','Farm','','Melee'),('H034','Moren','Carry','','Dragon Slayer','','Ranged'),('H035','Lindis','Carry','','Farm','Dragon Slayer','Ranged'),('H036','TeeMee','Tank','Support','Support','','Melee'),('H037','Volkath','Fighter','Assassin','Dark Slayer','Farm','Melee'),('H038','Ishar','Mage','Support','Mid','Support','Ranged'),('H039','Eland\'orr','Carry','','Farm','Dragon Slayer','Ranged'),('H040','Hayate','Carry','','Dragon Slayer','','Ranged'),('H041','Astrid','Fighter','Assassin','Dark Slayer','Farm','Melee'),('H042','Tel\'Annas','Carry','','Dragon Slayer','','Ranged'),('H043','Valhein','Carry','','Dragon Slayer','','Ranged'),('H044','Thane','Tank','','Support','Dark Slayer','Melee'),('H045','Veera','Mage','','Mid','','Ranged'),('H046','Azzen\'Ka','Mage','','Mid','','Ranged'),('H047','Gildur','Tank','Support','Support','Dark Slayer','Melee'),('H048','Toro','Tank','Support','Support','Dark Slayer','Melee'),('H049','Violet','Carry','','Dragon Slayer','','Ranged'),('H050','Diao Chan','Mage','','Mid','','Ranged'),('H051','Zephys','Fighter','Assassin','Farm','Dark Slayer','Melee'),('H052','Nakroth','Assassin','','Farm','','Melee'),('H053','Grakk','Tank','Support','Support','','Melee'),('H054','Mina','Tank','Support','Dark Slayer','Support','Melee'),('H055','Fennik','Carry','','Farm','Dragon Slayer','Ranged'),('H056','Zanis','Fighter','','Farm','Dark Slayer','Melee'),('H057','Aleister','Mage','','Mid','','Ranged'),('H058','Butterfly','Fighter','Assassin','Farm','','Melee'),('H059','Lumburr','Tank','Support','Support','','Melee'),('H060','Helen','Support','','Support','','Ranged'),('H061','Yorn','Carry','','Dragon Slayer','','Ranged'),('H062','Natalya','Mage','','Mid','','Ranged'),('H063','Lu Bu','Fighter','','Dark Slayer','','Melee'),('H064','Cresht','Tank','Support','Support','','Melee'),('H065','Jinna','Mage','','Mid','','Ranged'),('H066','Omega',' Tank','Support','Support','Dark Slayer','Melee'),('H067','Maloch',' Fighter','Tank','Dark Slayer','','Melee'),('H068','Paine','Assassin','','Farm','','Ranged'),('H069','Ilumia','Mage','','Mid','','Ranged'),('H070','WuKong','Assassin','','Farm','','Melee'),('H071','Kriknak','Assassin','','Farm','','Melee'),('H072','Mortos','Fighter','','Dark Slayer','','Melee'),('H073','Kaine','Assassin','','Farm','','Melee'),('H074','Slimz','Carry','','Dragon Slayer','','Ranged'),('H075','Preyta','Mage','','Mid','','Ranged'),('H076','Airi',' Fighter','Assassin','Dark Slayer ','Farm','Melee'),('H077','Skud',' Fighter','Tank','Dark Slayer ','Farm','Melee'),('H078','Raz',' Assassin','Mage','Mid','','Melee'),('H079','Lauriel','Mage','','Mid','','Ranged'),('H080','Zuka',' Fighter','Assassin','Dark Slayer','Farm','Melee'),('H081','Tulen','Mage','','Mid','','Ranged'),('H082','Omen','Fighter','','Dark Slayer','','Melee'),('H083','Baldum',' Tank','Support','Support','','Melee'),('H084','Max','Tank','','Dark Slayer','','Melee'),('H085','Liliana',' Mage','Assassin','Mid','','Ranged'),('H086','Y\'bneth','Tank','','Support','Dark Slayer','Melee'),('H087','Wisp','Carry','','Dragon Slayer','','Ranged'),('H088','Marja','Mage','','Dark Slayer','','Ranged'),('H089','The Flash','Assassin','','Farm','Mid','Melee'),('H090','Arum',' Tank','Support','Support','','Ranged'),('H091','Rourke','Fighter','','Farm','','Melee'),('H092','Riktor','Fighter','','Dark Slayer','Support','Melee'),('H093','Roxie',' Fighter','Tank','Dark Slayer','','Melee'),('H094','Annette',' Mage','Support','Support','Mid','Ranged'),('H095','Quillen','Assassin','','Farm','','Melee'),('H096','Sephera',' Mage','Support','Support','Mid','Ranged'),('H097','Zip','Support','','Support','','Melee'),('H098','D\'Arcy','Mage','','Mid','','Ranged'),('H099','Errol','Fighter','','Dark Slayer','','Melee'),('H100','Florentino','Fighter','','Dark Slayer','','Melee'),('H101','Veres','Fighter','','Dark Slayer','','Melee'),('H102','Amily','Fighter','','Dark Slayer','','Melee'),('H103','Elsu','Carry','','Dragon Slayer','','Ranged'),('H104','Wiro',' Fighter','Tank','Support','Dark Slayer','Melee'),('H105','Capheny','Carry','','Dragon Slayer','','Ranged'),('H106','Qi',' Fighter','Assassin','Dark Slayer','Farm','Melee'),('H107','Yena','Fighter','','Dark Slayer','','Melee'),('H108','Enzo','Assassin','','Farm','','Melee'),('H109','Laville','Carry','','Dragon Slayer','','Ranged'),('H110','Celica','Carry','','Dragon Slayer','','Ranged'),('H111','Yan',' Fighter','Assassin','Farm','Dark Slayer','Melee'),('H112','Zata',' Mage','Assassin','Mid','','Ranged'),('H113','Teeri','Carry','','Dragon Slayer','','Jarak'),('H114','Ming','Support','','Support','','Ranged'),('H115','Erin','Carry','','Dragon Slayer','Farm','Ranged'),('H116','Bijan','Fighter','','Dark Slayer','Farm','Ranged'),('H117','Bonnie','Mage','','Mid','','Melee'),('H118','Charlotte','Fighter','','Dark Slayer','Farm','Melee'),('H119','Dolia','Support','','Support','','Ranged');
/*!40000 ALTER TABLE `heroes` ENABLE KEYS */;
UNLOCK TABLES;

--
-- Table structure for table `heroskills`
--

DROP TABLE IF EXISTS `heroskills`;
/*!40101 SET @saved_cs_client     = @@character_set_client */;
/*!50503 SET character_set_client = utf8mb4 */;
CREATE TABLE `heroskills` (
  `SkillID` varchar(100) CHARACTER SET utf8mb4 COLLATE utf8mb4_general_ci NOT NULL,
  `HeroID` varchar(10) CHARACTER SET utf8mb4 COLLATE utf8mb4_general_ci NOT NULL,
  `SkillName` varchar(100) CHARACTER SET utf8mb4 COLLATE utf8mb4_general_ci DEFAULT NULL,
  `SkillType` varchar(100) CHARACTER SET utf8mb4 COLLATE utf8mb4_general_ci DEFAULT NULL,
  `Effect` varchar(1000) CHARACTER SET utf8mb4 COLLATE utf8mb4_general_ci DEFAULT NULL,
  `RecommendItemType` varchar(100) CHARACTER SET utf8mb4 COLLATE utf8mb4_general_ci DEFAULT NULL,
  `Column7` varchar(50) CHARACTER SET utf8mb4 COLLATE utf8mb4_general_ci DEFAULT NULL,
  `Column8` varchar(50) CHARACTER SET utf8mb4 COLLATE utf8mb4_general_ci DEFAULT NULL,
  `Column9` varchar(50) CHARACTER SET utf8mb4 COLLATE utf8mb4_general_ci DEFAULT NULL,
  PRIMARY KEY (`SkillID`),
  KEY `fk_heroskills_heroes` (`HeroID`),
  CONSTRAINT `fk_heroskills_heroes` FOREIGN KEY (`HeroID`) REFERENCES `heroes` (`HeroID`) ON DELETE RESTRICT ON UPDATE RESTRICT
) ENGINE=InnoDB DEFAULT CHARSET=utf8mb4 COLLATE=utf8mb4_general_ci;
/*!40101 SET character_set_client = @saved_cs_client */;

--
-- Dumping data for table `heroskills`
--

LOCK TABLES `heroskills` WRITE;
/*!40000 ALTER TABLE `heroskills` DISABLE KEYS */;
INSERT INTO `heroskills` VALUES ('S001','H001','Borrowed Might	','Passive','Gains a mark next skill usage is upgraded, and cooldowns are reset','Magic','','',''),('S002','H001','Aqua Force	','Magic','Deals magic damage in a curved pattern','Magic','','',''),('S003','H001','Mountain Crusher	','Magic','Deals magic damage in a curved pattern','Magic','','',''),('S004','H001','Rising Wind	','Magic','Knocks back enemies in front while retreating','Magic','','',''),('S005','H002','Squirrel Spirit	','Transform','Becomes untargetable when HP is low	','Defense, Support','','',''),('S006','H002','Sound Breaker	','Magic','Deals magic damage and slows enemies	','Magic','','',''),('S007','H002','Idol Love	','Magic','Jumps onto an ally and grants a shield	','Defense','','',''),('S008','H002','Forest Song	','Magic','Turns enemies into animals	','Magic','','',''),('S009','H003','Spellbound','True Damage','Gains a sigil upon attacking heroes/monsters. At 4 sigils, enters Purge state, converting damage to true damage and gaining a shield.','Attack','','',''),('S010','H003','Moon Pierce	','Physical','Slashes forward, dealing damage and slowing enemies.','Attack, Movement','','',''),('S011','H003','Browbeat','Physical','Dashes to a target location, dealing area damage.','Attack','','',''),('S012','H003','Cliff Breaker	','Physical','Jumps into the air, slamming down and reducing enemy movement speed.','Attack, Defense','','',''),('S013','H004','Revelation of Light	','Passive','Basic attacks apply Revelation of Light, increasing attack speed and damage.	','Attack','','',''),('S014','H004','Light Flash - Second Degree	','Physical','Shoots light dealing physical damage, stuns if hit twice.	','Attack','','',''),('S015','H004','Sacred Light Verdict	','Physical','Charges forward, deals physical damage, heals HP, reduces cooldown on kills.	','Attack','','',''),('S016','H004','The Holy Soul Returns	','Transformation	','Transforms, becomes untargetable for 3 sec, deals true damage.	','Defense, Attack','','',''),('S017','H005','Eternal ','Magic','Creates a burst of AoE damage','Magic','','',''),('S018','H005','Here\'s What I Think	','Magic','Moves the orb, dealing damage when passing through enemies	','Magic','','',''),('S019','H005','Darkness Falls	','Magic','Deals AoE damage to nearby enemies	','Magic','','',''),('S020','H005','Starry Night	','Magic','Orb explodes, dealing AoE damage and knocking up enemies	','Magic','','',''),('S021','H006','Gaze ','Magic','Regenerates energy over time and gains extra energy upon using abilities.','Magic','','',''),('S022','H006','Explosive Fireball','Magic','Shoots a fireball that explodes and deals AoE magic damage.','Magic','','',''),('S023','H006','Fire Shadow','Magic','Enters Shadow Flame mode, gaining speed and shooting enhanced fireballs.','Magic','','',''),('S024','H006','Eye of Ember','Magic','Channels power and shoots a targeted explosion dealing AoE magic damage.','Magic','','',''),('S025','H007','Howling Sword	','Hybrid Damage','Gains stacks, increases armor penetration, and heals	','Attack, Lifesteal','','',''),('S026','H007','Meteor Strike	','Hybrid Damage','Deals mixed damage and lifts enemies	','Attack, Defense','','',''),('S027','H007','Moonflash','Physical ','Dashes forward, dealing damage and becoming invulnerable	','Attack, Movement','','',''),('S028','H007','Death at Sunset	','True Damage','Disappears, locks target, and deals true damage	','Attack','','',''),('S029','H008','Dragon Blessing','Physical','Gains Dragon Marks when using skills, enhancing damage and attack speed.	','Attack, Jungle','','',''),('S030','H008','Dragon Slash	','Physical','Dashes to a target location, dealing AoE damage and healing when hitting enemies.	','Attack','','',''),('S031','H008','Dragon Claw	','Physical','Throws a claw to a target location, allowing Aoi to dash again, knocking up enemies.	','Attack','','',''),('S032','H008','Dragon Chant	','Physical','Performs a powerful ground slam, dealing AoE damage while being immune to CC.	','Attack','','',''),('S033','H009','Blood Bramble','Physical','Gains Blood Bramble stacks from kills.','Attack,Movement','','',''),('S034','H009','Blood Hide	','Physical','Dashes to a target location and enters stealth mode.','Attack','','',''),('S035','H009','Blood Ghost	','Physical','Deals AoE damage or heals upon recall.','Attack','','',''),('S036','H009','Blood Samsara	','Physical','Shares HP with a target.Gains movement speed','Attack','','',''),('S037','H010','Blood Curse','Physical','Attack Power Steal','Attack, Defense','','',''),('S038','H010','Saw Storm','Physical','Movement Speed','Attack, Movement','','',''),('S039','H010','Saw Cut','Physical','HP Recovery','Attack','','',''),('S040','H010','Demon\'s Gift','Heal','Converts Damage into Healing','Attack','','',''),('S041','H011','Ready ','Physical','Converts cooldown reduction effects into extra physical power','Attack','','',''),('S042','H011','Magic Bullet	','Physical','Selects 3 bullets to enhance attacks','Attack','','',''),('S043','H011','Excite','Mobility','Dashes and enhances basic attack','Movement','','',''),('S044','H011','Mass Annihilation	','Physical','AoE damage','Attack','','',''),('S045','H012','Dark Tides	','Passive','Grants magic lifesteal and physical bonus damage.	','Magic','','',''),('S046','H012','Umbra Dream	','Magic','Creates magic damage, slows enemies , locks targets.	','Magic','','',''),('S047','H012','Triangle Maze	','Magic','Summons two clones dealing magic damage, creates triangular zone with stun.	','Magic','','',''),('S048','H012','Fading Phantom	','Magic','Increases movement speed , allows phasing through obstacles','Movement, Magic','','',''),('S049','H013','Arcane Body','Magic','Uses mana to prevent lethal damage when HP runs out.	','Magic','','',''),('S050','H013','Astrolobe','Magic','Releases energy that damages enemies in a line.	','Magic','','',''),('S051','H013','Fallen Star	','Magic','Creates an energy zone that knocks enemies back.	','Magic','','',''),('S052','H013','Genesis Blast	','Magic','Unleashes a powerful energy beam in a straight line.	','Magic','','',''),('S053','H014','Child of the Sea ','Physical','Stores lost HP and heals.','Defense','','',''),('S054','H014','Wavewalking','Physical','Knock Up','Defense, Movement','','',''),('S055','H014','Sea Anchor','Physical','Movement','Defense','','',''),('S056','H014','Ghost Ship','Physical','Summons ship dealing AoE damage.','Defense','','',''),('S057','H015','Floating Light','Speed Boost	','Increases the movement speed of the farthest ally.	','Support, Movement Speed','','',''),('S058','H015','Holy Wings','Magic','Shoots wings at enemies, knocking them back and increasing ally movement speed.	','Magic, Defense','','',''),('S059','H015','Void Portal','Heal','Opens a portal that teleports allies back to base and heals them.	','Magic','','',''),('S060','H015','Sacred Ground','Magic','Opens a portal that allows allies to warp to a chosen location.	','Magic','','',''),('S061','H016','Sneak Attack	','Magic','Slow','Magic, Support','','',''),('S062','H016','In Plain Sight	','Magic','Gains stealth and bonus speed	','Movement','','',''),('S063','H016','Gravitational Pull	','Magic','Pulls enemies and grants shield to allies	','Magic','','',''),('S064','H016','Concealment	','Stealth','Grants allies invisibility and reveals enemies	','Magic','','',''),('S065','H017','Bloodlust','Physical','Heal','Defense','','',''),('S066','H017','Rend','Physical','Slow','Attack','','',''),('S067','H017','Undying Protector','Magic','Defense','Defense','','',''),('S068','H017','Cull','Physical','Stun','Attack','','',''),('S069','H018','Amazin Shield','True Damage','Decrease Movement','Attack, Defense','','',''),('S070','H018','Sword & Shield','Physical','Decrease Movement','Attack, Defense','','',''),('S071','H018','Lasso of Truth','Physical','Control','Attack','','',''),('S072','H018','Bracelets of Submission','Physical','Resistant','Defense','','',''),('S073','H019','Drain Charge	','Physical','Attack and movement speed','Attack','','',''),('S074','H019','Death Bloom	','Physical','Ranged physical damage','Attack','','',''),('S075','H019','Eyes of Zealot	','Special','Speed boost','Movement','','',''),('S076','H019','Fatal Gift	','Physical','Stun','Attack','','',''),('S077','H020','Holy Brand	','Magic','Empowers next attack to deal bonus damage	','Defense','','',''),('S078','H020','Divine Protection	','Magic','Creates a shield that explodes for damage	','Defense, Support','','',''),('S079','H020','Malleus','Magic','Leaps to an area, dealing damage and knocking up enemies	','Defense, Movement','','',''),('S080','H020','Angelic Splendor	','Magic','Teleports to ally, healing and dealing damage	','Defense','','',''),('S081','H021','Sacred Flame','Magic','Increasing attack speed and movement speed','Magic, Movement','','',''),('S082','H021','Fire Crash','Magic','Deals magic damage and grants a shield','Magic','','',''),('S083','H021','Rain of Fire','Magic','Reduces enemy movement speed','Magic','','',''),('S084','H021','Holy Ember','Magic','Deals wide-area magic damage','Magic','','',''),('S085','H022','Powerful Hymns	','Magic','Basic attacks pierce armor and deal additional magic damage','Magic','','',''),('S086','H022','Soul Summoning	','Magic','Summons a spirit to deal magic damage and reduce enemy movement speed','Magic','','',''),('S087','H022','Incorporeal	','Magic','Creates a shield that absorbs damage and increases movement speed','Magic','','',''),('S088','H022','Ethereal Pulse	','Magic','Continuously unleashes magic attacks ','Magic','','',''),('S089','H023','Fighting Spirit','Bonus Damage','Damage scales with missing HP','Defense','','',''),('S090','H023','Colossal Smash	','Physical','Leaps to a target location, dealing damage and reducing enemy movement speed.	','Defense, Movement ','','',''),('S091','H023','Whirlwind - Potential	','Physical','Spins in place, dealing damage twice to nearby enemies.	','Defense','','',''),('S092','H023','Steeled Focus	','Heal','Increases movement speed and restores HP per second for a duration.	','Defense','','',''),('S093','H024','Voodoo ','Magic','Normal attacks or skill hits apply Voodoo Mark, which increases magic damage per stack and reduces enemy armor and healing effectiveness.','Magic ','','',''),('S094','H024','Toxic','Magic','Mganga throws a poison bomb at a target location, dealing magic damage and slowing enemies','Magic ','','',''),('S095','H024','Feeling Lucky','Magic','Mganga throws poison that deals magic damage and slows enemies. Each hit grants him a Healing Mark','Magic ','','',''),('S096','H024','Gas Attack\n','Magic','Mganga releases an explosion dealing magic damage','Magic ','','',''),('S097','H025','Fleet-footed','Passive','Movement Speed Buff','Support, Movement Speed','','',''),('S098','H025','Chrono-burst','Magic ','Stun','Magic ','','',''),('S099','H025','Chrono Shield','Protection','Shield, Movement Speed Buff','Magic ','','',''),('S100','H025','Chrono Flow','Blind','Movement Speed Reduction','Magic ','','',''),('S101','H026','Deterrence ','Magic','All of Ormarr\'s attacks have a chance to stun enemies.	','Support','','',''),('S102','H026','Unstoppable','Physical','Dashes to a target location; if it collides with an enemy, they are knocked up.	','Defense','','',''),('S103','H026','Swagger	','Physical','Slams the ground, dealing AoE damage and reducing enemy movement speed','Defense','','',''),('S104','H026','Walking Tall	','Physical','Hitting nearby enemies and restoring his HP','Defense','','',''),('S105','H027','Faithful Herald','Movement','Increase Movement Speed','Movement','','',''),('S106','H027','Energy Surge','Magic','AoE Slow','Magic','','',''),('S107','H027','Shock Wave','Magic','Damage Reduction','Magic, Defense','','',''),('S108','H027','Chaos Protection','Cleansing','CC Immunity','Defense','','',''),('S109','H028','Flutter','Movement Speed','Increases Krixi\'s movement speed when her skill hits an enemy','Movement','','',''),('S110','H028','Mischief','Magic','Releases an energy clone, dealing Magic Damage to enemies hit','Magic','','',''),('S111','H028','Nature\'s Wrath	','Magic','Calls upon nature\'s power, dealing Magic Damage and knocking up enemies','Magic','','',''),('S112','H028','Moonfall','Magic','Increases movement speed and summons falling stars that strike enemies','Magic','','',''),('S113','H029','Naginatajutsu','Physical','Deals bonus AD damage, slows enemies , and increases damage against last enemy','Attack','','',''),('S114','H029','Pinwheel','Physical','Dashes forward and deals damage','Attack','','',''),('S115','H029','Wailing Blade	','Physical','Slashes forward, dealing  damage and stunning the last enemy hit','Attack','','',''),('S116','H029','Wrath of Izanagi	','Physical','Slashes 4 times, dealing damage each hit and healing','Attack','','',''),('S117','H030','Flight Form','Physical','Gains movement-based energy','Movement','','',''),('S118','H030','Kryptonian Strength','Physical','Deals directional damage and slows enemies','Attack','','',''),('S119','H030','The Man of Steel','Cleansing','Removes debuffs and increases movement speed','Defense','','',''),('S120','H030','Domination','Special','Enhances skill casting speed; airborne form increases damage and knockback effect','Attack','','',''),('S121','H031','Rift','Passive',' Gains 1 energy point per normal attack','Attack','','',''),('S122','H031','Thorn of Time	','Physical ','Dashes to the target location, dealing physical damage and stunning the target','Attack','','',''),('S123','H031','Time Surge	','Physical ','Releases time energy, physical damage to surrounding enemies and damage to those who pass through its boundary','Attack','','',''),('S124','H031','Dimension Slash	','Physical ','Dashes continuously 5 times within a designated area, dealing physical damage per hit','Attack','','',''),('S125','H032','The Fanatic	','Attack Speed','Gains attack speed on each normal attack	','Attack','','',''),('S126','H032','Sea Spear	','Physical','Dashes forward, dealing damage and reducing movement speed	','Attack, Movement','','',''),('S127','H032','Enraged Spear	','Magic','Enhances normal attacks for extra damage and healing	','Attack','','',''),('S128','H032','Warlord of Gore	','Cleansing','Becomes unstoppable, increasing attack speed and cleansing debuffs	','Attack','','',''),('S129','H033','Dustdevil ','Magic','Marks enemies hit by skills 1 and 2, dealing bonus damage','Magic','','',''),('S130','H033','Wind Blade','Magic','Deals magic damage and slows enemy movement','Magic','','',''),('S131','H033','Wind Shift','Magic','Dashes to a target location, dealing magic damage to nearby enemies','Magic','','',''),('S132','H033','Tornado','Magic','Strikes multiple times in an area while being untargetable','Magic','','',''),('S133','H034','Precision ','Damage Reduction	','Every basic attack or skill hit increases Moren\'s armor and magic resist','Defense, Attack Speed','','',''),('S134','H034','Tactical Maneuver	','Physical','Gains bonus lifesteal, increased movement speed','Attack ','','',''),('S135','H034','Impact Barrage	','Physical','Fires a shockwave that knocks back enemies, dealing damage and stunning','Attack','','',''),('S136','H034','Magnetic Storm	','Physical','Fires an electromagnetic bomb, slowing enemies and enhancing basic attacks','Attack','','',''),('S137','H035','Tread Softly	','Physical','Increases movement speed','Attack,Jungle','Jungle','',''),('S138','H035','Piercing Gaze	','Physical','Reveals enemies and increases damage','Movement','','',''),('S139','H035','Entrapment','Physical','slows and reveals enemies','Attack','','',''),('S140','H035','Lunar Champion	','Physical','Dashes and marks targets','Attack','','',''),('S141','H036','Scavenge ','Passive','Provides bonus gold when near dying enemies	','Support','','',''),('S142','H036','Pooty Poots	','Magic','Creates an explosion that stuns enemies	','Defense','','',''),('S143','H036','Chain Lance	','Magic','Shoots a chain that pulls towards the target	','Defense','','',''),('S144','H036','Being a Bro	','Magic','Revives an ally after they die	','Defense','','',''),('S145','H037','Doom Lord	','Physical','Gains stacks that explode for bonus damage and shield	','Attack, Defense','','',''),('S146','H037','Death Sweep	','Physical','Swings a scythe, stunning and dealing damage	','Attack, Movement','','',''),('S147','H037','Execution','Physical','Throws a spinning blade, slowing and dealing damage	','Attack, Defense','','',''),('S148','H037','Ultima','Transformation','Becomes an Overlord, gaining damage immunity and healing	','Attack','','',''),('S149','H038','Furball ','Special','Furball\'s power increases with Ishar\'s magic power.','Support, Magic','','',''),('S150','H038','Somnial Fungus	','Magic','Ishar releases energy dealing AoE magic damage','Magic','','',''),('S151','H038','Somnial Shield	','Shield','Ishar creates a shield and increases movement speed','Magic','','',''),('S152','H038','Dreamy Circle	','Magic','Ishar creates an energy field that turns enemies passing through into sheep','Magic','','',''),('S153','H039','Soul Seal	','Mixed Damage	','Bonus Magic Damage','Magic','','',''),('S154','H039','Butterfly Wings	','Mobility	','Teleportation','Magic','','',''),('S155','H039','Butterfly Dance	','Magic ','Mobility','Magic','','',''),('S156','H039','Morph	','Magic ','Knock Back','Magic','','',''),('S157','H040','Blood of the Dragon','Passive','True Damage','Attack','','',''),('S158','H040','Shuriken Toss','Physical','Deals physical damage','Attack, Movement','','',''),('S159','H040','Shadowstep','Mobility','Increases movement speed','Attack','','',''),('S160','H040','Kunai Blitz','Physical','AoE Damage','Attack','','',''),('S161','H041','Martial Soul	','Passive','Basic attacks reduce cooldown','Jungle, Attack','','',''),('S162','H041','Spin Slash','Physical','Deals physical damage to surrounding enemies','Attack','','',''),('S163','H041','Fearless Charge','Physical','Dashes in a specified direction, dealing physical damage and slowing enemies.Gains a shield absorbing damage','Defense','','',''),('S164','H041','Dire Blow','True Damage','Becoming invulnerable before unleashing a strike dealing true damage','Defense','','',''),('S165','H042','The Morning Star','Physical','Increases attack damage','Attack','','',''),('S166','H042','Eagle Eye','Physical','Enhances basic attacks','Attack','','',''),('S167','H042','Piercing Shot','Physical','Slows enemies','Attack','','',''),('S168','H042','Arrow of Chaos','Physical','stuns enemies','Attack','','',''),('S169','H043','Pocket Glaive','Physical','Movement Speed','Attack','','',''),('S170','H043','Bloody Hunt	','Physical','dealing AoE damage','Attack','','',''),('S171','H043','Curse of Death','Physical','Stunning the target','Attack','','',''),('S172','H043','Bullet Storm','Physical','AoE damage','Attack','','',''),('S173','H044','Royal Power	','Heal','Gains damage resistance and heals when HP is low	','Defense','','',''),('S174','H044','Forward Charge	','Physical','Dashes, knocking enemies back and dealing damage	','Defense, Movement','','',''),('S175','H044','Avalon\'s Fury','Physical','Slams the ground, knocking up and slowing enemies	','Defense','','',''),('S176','H044','King\'s Glory','True Damage','Deals true damage and gains CC immunity	','Defense','','',''),('S177','H045','Come Hither','Buff','Gains movement speed boost when exiting combat','Movement ','','',''),('S178','H045','Hell Bat','Magic ','Launches a bat that deals magic damage','Magic ','','',''),('S179','H045','Kisses','Magic ','Sends out enchanted kisses, dealing  magic damage and stunning the target','Magic ','','',''),('S180','H045','Little Friends	','Magic ','Summons spirits that deal magic damage to enemies','Magic ','','',''),('S181','H046','Sand Trap	','Magic','Targets hit by Azzen\'Ka\'s skills are marked for 5 seconds. If hit 3 times, they turn to stone','Magic','','',''),('S182','H046','Sand Punch	','Magic','Summons a sand fist to attack enemies','Magic','','',''),('S183','H046','Dust Devil	','Magic','Releases a spirit that bounces between enemies','Magic','','',''),('S184','H046','Sand Wraith	','Magic','Summons a sandstorm at a target location','Magic','','',''),('S185','H047','The Touch	','Magic',' Knocks back the target','Magic','','',''),('S186','H047','Siege','Magic','Dashes forward','Magic','','',''),('S187','H047','Miser','Magic','Dealing damage and stunning enemies','Magic','','',''),('S188','H047','Debauchery','Magic','Dealing continuous magic damage and stunning enemies','Magic','','',''),('S189','H048','Tough Hide	',' CC Immunity','Gains CC immunity while casting skills	','Defense','','',''),('S190','H048','Bull Rush	','Physical','Charges forward, dealing damage and knocking up enemies	','Defense, Movement','','',''),('S191','H048','Brazen Bellow	','Magic','Gains damage reduction and deals AoE damage	','Defense','','',''),('S192','H048','Earth Shatter	','Physical','Slams the ground, knocking up enemies	','Defense','','',''),('S193','H049','Reload ','Physical	','Reduces Tactical Fire cooldown','Attack','','',''),('S194','H049','	Tactical Fire','Physical	','Enhance next basic attack with bonus damage','Attack','','',''),('S195','H049','Fire in the Hole	','Physical	','Deal AoE damage, reduce enemy movement speed','Attack','','',''),('S196','H049','Concussive Rounds	','Physical	','Deal high damage based on enemy lost HP','Attack','','',''),('S197','H050','Ice Queen	','Special','If not attacked or controlled, gains a shield and magic damage reduction','Defense','','',''),('S198','H050','Chilling Frost	','Magic','Freezes enemies in range, dealing magic damage and slowing movement speed','Magic','','',''),('S199','H050','Diamond Dust	','Magic','Freezes enemies in range, can be stored up to 2 times. Bonus damage to frozen enemies.','Magic','','',''),('S200','H050','Blizzard','Magic','Summons a blizzard, dealing continuous magic damage and slowing enemies in range.	','Magic','','',''),('S201','H051','Deathless ','Damage Reduction','lost HP into damage reduction','Defense','','',''),('S202','H051','Death Rift\n','Physical ','Dashes forward deal additional  physical damage and slow enemy movement','Attack, Jungle','','',''),('S203','H051','Death\'s Flurry\r\n','Physical ','Deals  physical damage per hit and heals Zephys  HP','Attack','','',''),('S204','H051','Death from Above\n','Physical ','Dealing  physical damage while knocking enemies up','Attack','','',''),('S205','H052','Dread Judge	','Knock-up, Attack Speed Buff	','','Attack, Attack Speed','','',''),('S206','H052','Jury Fury	','Physical','Dashes forward and knocks the target up, dealing  physical damage','Attack, Critical','','',''),('S207','H052','Death Sentence	','Physical','Leaps backward and turns basic attacks into sweeping attacks','Attack, Movement','','',''),('S208','H052','Judgment\'s Blade	','Physical','Slashes enemies furiously, knocking them up and dealing  physical damage while reducing incoming damage','Attack','','',''),('S209','H053','Blood Ritual ','Magic','AoE Damage','Defense, Magic','','',''),('S210','H053','Earthquake ','Magic','Stomps the ground, dealing Magic Damage and slowing enemies','Magic','','',' '),('S211','H053','Devil\'s Chain','Magic','Throws a chain hook, pulling enemies towards','Magic','','',''),('S212','H053','World Devourer','Magic','Creates a void, pulling all enemies in front of','Defense','','',''),('S213','H054','Sweet Revenge	','Physical','Movement Speed','Defense','','',''),('S214','H054','Whirling Scythe	','Physical','AoE Damage','Attack','','',''),('S215','H054','Death Scythe	','Physical','Control','Defense','','',''),('S216','H054','Dark Dominion	','Physical','Taunt','Defense','','',''),('S217','H055','Hidden Weapons','Physical','Gains vision of enemies he has attacked','Jungle, Attack','','',''),('S218','H055','Thief\'s Mark	','Physical','When reaching 4 stacks, the mark explodes, dealing bonus area damage.','Attack','','',''),('S219','H055','Rolling Lightning','Physical','Rolls in a chosen direction (becomes untargetable while rolling).','Attack','','',''),('S220','H055','Chain Hammer Cyclone','Physical','Affected enemies suffer 40% movement speed reduction','Attack','','',''),('S221','H056','Dragoon ','Damage Boost','Can use abilities to cleanse crowd control effects and gain additional attack power.	','Attack, Jungle','','',''),('S222','H056','Blood Wyrm','Physical','Increases movement speed and enhances the next normal attack.','Attack, Movement','','',''),('S223','H056','Roar ','Physical','Spins to attack nearby enemies, reducing their movement speed and healing himself.	','Attack','','',''),('S224','H056','Dragon\'s Wrath','True Damage','Leaps to attack the target, knocking them up and reducing their movement speed. Then enhances his normal attacks to deal true damage.','Attack','','',''),('S225','H057','Wicked Plot	','Magic ','All Aleister\'s skill damage applies a curse','Magic','','',''),('S226','H057','Magic Barrier	','Magic ','Creates a lightning barrier that stuns and damages enemies','Magic','','',''),('S227','H057','Matrix of Woe	','Magic ','Continuously damages enemies within the area','Magic','','',''),('S228','H057','Magic Prison	','Magic ','Traps enemies in a magic prison','Magic','','',''),('S229','H058','Assassinate','Passive ','Enhances skill execution upon enemy kill	','Attack','','',''),('S230','H058','Whirlwind	','Physical','Increases attack speed','Attack','','',''),('S231','H058','Sword Propel	','Physical','Dealing damage and slows enemy','Attack','','',''),('S232','H058','Backstab	','Physical','High burst damage and heals upon elimination','Attack','','',''),('S233','H059','Protect','Physical','Grant Shield','Attack','','',''),('S234','H059','Stone Shatter	','Physical','Knock-up','Defense','','',''),('S235','H059','Rampage','Physical','Damage Reduction','Defense','','',''),('S236','H059','Earth Splitter	','Magic','Knock-up','Defense','','',''),('S237','H060','Blessed','Heal','When Helen takes damage, gains movement speed','Support','','',''),('S238','H060','Healing Light	','Heal','Helen increases her movement speed and heals herself','Magic','','',''),('S239','H060','Forest Friend	','Magic','Helen releases a magical projectile and stuns','Magic','','',''),('S240','H060','Nature\'s Rally	','Heal','Creates a protective field granting  shield absorption and healing allies','Magic','','',''),('S241','H061','Fierce Shot','Physical','AoE damage','Attack','','',''),('S242','H061','Explosive Arrow','Physical','Slows enemy movement speed','Attack','','',''),('S243','H061','Precise Shot	','Physical','Knocks back','Attack','','',''),('S244','H061','Heavenly Barrage	','Physical','AoE damage','Attack','','',''),('S245','H062','Cursed Flame	','Magic','Using skills grants bonus magic damage and increases movement speed','Magic','','',''),('S246','H062','Arcane Spirits	','Magic','Summons 5 spirit orbs that deal magic damage to enemies','Magic','','',''),('S247','H062','Arcane Nova	','Magic','Fires an arcane ball that expands and stuns enemies','Magic','','',''),('S248','H062','Lethal Rays	','Magic','Fires a laser beam, dealing magic damage, Grants a shield and CC immunity','Defense','','',''),('S249','H063','Tyrant','Passive','Gains attack power and attack speed.','Attack','','',''),('S250','H063','Red Stallion	','Physical','Charges in a specified direction, dealing damage.Can be used up to 3 times, reducing cooldown per use.The third hit knocks up enemies.','Attack, Movement','','',''),('S251','H063','Impale','Physical','Slams his weapon to create a shockwave, dealing damage and slowing enemies.','Attack','','',''),('S252','H063','Conqueror','Status Cleanse','Cleanses control effects, restores HP, boosts attack power, and grants control immunity.','Defense','','',''),('S253','H064','Tsunami ','Physical','Cresht\'s skills apply  slow for 2 sec','Defense','','',''),('S254','H064','Typhoon ','Physical','Swings his giant trident, knocking enemies back and stunning','Defense','','',''),('S255','H064','Aquatic Shield','Defense','Jumps to a target location, creating a shield for allies','Defense','','',''),('S256','H064','Metamorphosis ','Physical','Transforms into his empowered form','Defense','','',''),('S257','H065','Samsara','Magic','Releases an energy projectile dealing magic damage','Magic','','',''),('S258','H065','Battering Beads	','Magic','Deals magic damage to up to 2 enemies and restores HP when hitting heroes','Magic','','',''),('S259','H065','Sutra of Pain	','Magic','Deals magic damage to enemies and reduces their movement speed','Magic','','',''),('S260','H065','Nirvana	','Magic','Deals magic damage , reduces incoming damage, and increases movement speed','Magic','','',''),('S261','H066','Surviving Memory','Physical','Increase Damage','Defense','','',''),('S262','H066','Vanguard Mode	','Mobility','Knock-up','Defense, Movement','','',''),('S263','H066','Sacred Technology	','Physical','Stun','Defense','','',''),('S264','H066','Sacred Field	','Physical ','Knockback','Defense','','',''),('S265','H067','Plunder','True Damage','Maloch\'s normal attacks have increased range and deal true damage, also healing him.	','Attack, Defense','','',''),('S266','H067','Cleave','True Damage',' Dealing physical damage. If empowered, it deals true damage and heals Maloch.','Attack, Defense','','',''),('S267','H067','Souleater	','Physical','Dealing slight physical damage, slowing enemies, and gaining a shield. If empowered, the shield is stronger.','Defense','','',''),('S268','H067','Shock','Physical','Dealing physical damage and knocking up enemies. If empowered, it deals true damage and knocks enemies higher.','Attack, Defense','','',''),('S269','H068','Soul Divide','Magic','Normal attacks become Soul Cuts','Magic','','',''),('S270','H068','Soul Tidings','Magic','Teleports and deals damage','Magic, Movement','','',''),('S271','H068','Elegy','Magic','Deals magic damage and recovers mana','Magic','','',''),('S272','H068','Acknowledge','Magic','Dashes forward causing damage','Magic','','',''),('S273','H069','Goddess','Magic ','Reducing cooldowns and enhancing next attack','Magic','','',''),('S274','H069','Divine Light	','Magic ','Creates an explosion of sacred light dealing magic damage','Magic','','',''),('S275','H069','Banish','Magic ','Knocks back enemies, reducing movement speed','Magic','','',''),('S276','H069','Cataclysm','Magic ','Dealing massive magic damage and stunning enemies','Magic','','',''),('S277','H070','God of War	','Physical','Each attack enhances the next attack into a dash','Attack, Critical','','',''),('S278','H070','Shadow Clone	','Stealth','Vanishes and increases movement speed by','Movement','','',''),('S279','H070','Great Sage	','Mobility','Dashes and gains armor','Attack','','',''),('S280','H070','Monkey Business	','Physical','Deal physical damage and stun','Attack','','',''),('S281','H071','Bite','Physical','Next normal attack after hitting an enemy with a skill deals Physical Damage','Movement, Attack','','',''),('S282','H071','Terrifying Plague	','Physical','Marks a target with a sigil. If the target is hit again, the sigil explodes, dealing Physical Damage','Attack','','',''),('S283','H071','Evil Tentacles	','Physical','Jumps to a target location, dealing Physical Damage','Attack, Critical','','',''),('S284','H071','Fury of Flying Locusts	','Physical','Kriknak flies for 6 seconds, increasing movement speed while flying','Attack, Lifesteal','','',''),('S285','H072','Paragon','Heal ','Restores 2% HP every 2 seconds	','Defense, Support','','',''),('S286','H072','Righteous Fervor	','Physical','Increases movement speed and silences enemies	','Attack, Movement','','',''),('S287','H072','Holy Guard	','Physical','Deals AoE true damage and grants shield	','Defense, Magic','','',''),('S288','H072','Deep Impact	','Magic','Deals AoE damage and knocks up enemies	','Attack, Magic','','',''),('S289','H073','Shrouded Wings	','Stealth','Vision Boost','Movement','','',''),('S290','H073','Whirlwind of Blood	','Physical ','AoE Physical Damage, Executes Low HP','Attack, Critical','','',''),('S291','H073','Bloodied Judgment	','Physical ','Slow, Stun, Heal	','Attack','','',''),('S292','H073','Sanguinary End	','Physical ','Physical Damage, Untargetable Dash	','Attack','','',''),('S293','H074','Pierce','Physical','Increases attack damage','Attack','','',''),('S294','H074','Flying Spear','Physical','Stuns enemies','Attack','','',''),('S295','H074','Leap of Vitality','Mobility','Increases attack damage','Movement, Attack','','',''),('S296','H074','Savage Potion','Buff','Increases attack power and movement speed','Attack','','',''),('S297','H075','Infection','Speed Boost	','Preyta moves faster than other heroes.	','Movement','','',''),('S298','H075','Lethal Pathogen	','Magic','The pathogen is released, dealing AoE magic damage.','Magic','','',''),('S299','H075','Putrid Virus	','Magic','Knocking back nearby enemies, dealing magic damage, and slowing them.','Magic','','',''),('S300','H075','Plague Tentacles','Magic',' Gaining a shield and increased movement speed. While empowered, normal attacks deal AoE magic damage','Magic','','',''),('S301','H076','Dragon Blade','True Damage','Decrease Movement','Movement','','',''),('S302','H076','Dragon Shuriken','Physical','Knockup','Attack','','',''),('S303','H076','Swift Shadow','Movement','Special','Attack','','',''),('S304','H076','Ryu no Ikari','Physical','Reduce Damage','Defense','','',''),('S305','H077','Blood Armor	','Magic ','Gains bonus magic resistance when attacking enemies','Defense','','',''),('S306','H077','Fury Strikes	 ','Physical','Charges forward, dealing damage. If it hits an enemy, increases attack speed and boosts bonus magic damage.','Attack, Movement','','',''),('S307','H077','Boiling Blood	','Magic','Increases movement speed and gradually enhances attack power','Magic','','',''),('S308','H077','Wild Beast Fury	','Physical','Unleashes a powerful punch that knocks back enemies.','Attack, Defense','','',''),('S309','H078','Fist Spirit	','Magic','After using a skill, Raz can dash in a set direction, increasing movement speed','Magic','','',''),('S310','H078','Rising Dragon Fist	','Magic','Raz dashes forward, dealing  magic damage and knocking the target airborne','Magic','','',''),('S311','H078','Power Surge	','Magic','Raz releases a fireball, dealing magic damage to the first target hit, reducing their magic defense , and slowing them','Magic','','',''),('S312','H078','Odin\'s Fist	','Magic','Raz dashes towards enemies in a straight line, dealing magic damage and knocking them back','Magic','','',''),('S313','H079','Divine Punishment	','True Damage','Deals true damage to enemies affected by Lauriel\'s skills and slows','Magic','','',''),('S314','H079','Holy Light	','Magic','Deals magic damage to enemies in front','Magic','','',''),('S315','H079','Blink','Magic','Dashes to the target direction, dealing magic damage and reducing cooldown','Magic','','',''),('S316','H079','Smite','Magic','Creates a large magic zone that deals magic damage to enemies in the area and reduces the cooldown','Magic','','',''),('S317','H080','The Chi	','Passive','Restores HP after combat	','Attack ','','',''),('S318','H080','Pain on a Stick	','Physical','Leaps and deals AoE damage	','Attack ','','',''),('S319','H080','Panda Chariot	','Physical','Rolls forward, dealing damage and gaining shield	','Attack ','','',''),('S320','H080','Skyfall','Physical','Jumps and stuns enemies upon landing	','Attack ','','',''),('S321','H081','Thunderclap','Magic','Every 5th auto-attack or skill cast triggers Lightning Orbs, dealing magic damage','Magic','','',''),('S322','H081','Ion Prisms	','Magic','Releases three lightning bolts in a cone, dealing magic damage','Magic','','',''),('S323','H081','Lightning Strike	','Magic','Teleports to a chosen location, dealing magic damage','Magic','','',''),('S324','H081','Thunderbird	','Magic',' fires a lightning projectile that deals magic damage','Magic','','',''),('S325','H082','Thirst ','Attack Speed Boost	','Each normal attack builds up energy; when full, it increases attack speed and movement speed.	','Attack ','','',''),('S326','H082','Death\'s Beckon','Physical','Pulls enemies toward Omen, dealing physical damage.	','Attack ','','',''),('S327','H082','Untouchable	','Physical','Reduces incoming damage and reflects a portion of it back at attackers.	','Defense ','','',''),('S328','H082','Death\'s Embrace','Physical','Locks an enemy in place','Attack ','','',''),('S329','H083','Hulking ','Buff','Increases damage','Support, Defense','','',''),('S330','H083','Wild Charge','Physical','Knock Up','Defense','','',''),('S331','H083','Wild Stomp','Magic','Reduce Damage','Defense','','',''),('S332','H083','Wild Prison','Physical','Trap enemies','Defense','','',''),('S333','H084','Static Shock	','True Damage','Deals true damage on attack	','Attack','','',''),('S334','H084','Bionic Blender	','Physical','Spins arms, dealing AoE damage	','Attack','','',''),('S335','H084','Smooth Moves	','Physical','Jumps behind enemies, gaining a shield	','Attack, Movement','','',''),('S336','H084','Liftoff	','Physical','Locks onto enemies and jumps to them	','Attack, Defense','','',''),('S337','H085','Fox Form	','Magic','Increases range, armor penetration, and movement speed in fox form','Magic','','',''),('S338','H085','Shining Light	','Magic','Dealing area damage','Magic','','',''),('S339','H085','Blinding Light	','Magic','Stun','Magic','','',''),('S340','H085','Unpredictable','Magic','Dealing AoE damage and slowing enemies while transforming','Magic, Movement','','',''),('S341','H086','Natural Affinity','Passive','Regenerates HP when inside bushes.	','Support','','',''),('S342','H086','Wicked Thorns	','Physical','Extends vines to deal AoE damage and slow enemies.	','Defense','','',''),('S343','H086','Branching Out	','Physical','Grabs and pulls enemies towards the center while stunning them.	','Attack','','',''),('S344','H086','Nature\'s Realm	','Physical','Enters guardian mode, reduces enemy speed, deals damage, and restores HP.	','Defense','','',''),('S345','H087','Ignite','Mixed Damage	','Bonus magic damage on attacks, increased attack speed	','Attack','','',''),('S346','H087','Loose Cannon	','Physical','Deals AoE physical damage, slows enemies, grants vision reveal	','Attack, Movement','','',''),('S347','H087','Barrel Bomb	','Physical','Stuns enemies and deals AoE physical damage	','Attack','','',''),('S348','H087','Shock and Awe	','Physical','Large AoE physical damage, knockback effect	','Attack','','',''),('S349','H088','Abyssal Might	','Magic','When Marja uses a skill, she summons Soul Devourer','Magic, Movement','','',''),('S350','H088','Dark Pulse	','Magic','Marja releases Shadow Energy, dealing  magic damage','Magic','','',''),('S351','H088','Soul Devourer	','Magic','Releases Shadow Chain dealing magic damage while restoring HP','Magic, Defense','','',''),('S352','H088','Ghostwalk	','Magic','Releases dark energy waves, increasing her movement speed by and becoming immune to all crowd control','Magic','','',''),('S353','H089','Ignite','Physical','Mixed Damage	','Attack, Movement','','',''),('S354','H089','Loose Cannon	','Physical','Mobility','Attack','','',''),('S355','H089','Barrel Bomb	','Physical','Stun','Attack','','',''),('S356','H089','Shock and Awe	','Physical','AoE','Attack','','',''),('S357','H090','Ravenous Beasts ','Magic','Heal','Magic','','',''),('S358','H090','Lion Tamer ','Magic','AoE Magic Damage','Support','','',''),('S359','H090','Uncaged','Magic','Slow Enemies','Defense','','',''),('S360','H090','Snare ','Magic','Lock Enemy (Control)','Defense','','',''),('S361','H091','Scattershot','Passive','Enhances basic attacks to deal AoE damage and reduce enemy armor	','Attack ','','',''),('S362','H091','Charged Shot	','Physical','Increases movement speed and enhances next attacks	','Attack ','','',''),('S363','H091','Bolt','Physical','Dashes to a target, stunning and knocking back enemies	','Attack ','','',''),('S364','H091','Determination','Buff','Enhances basic attacks to deal AoE damage and reduce enemy armor	','Attack ','','',''),('S365','H092','Battle Instinct	','Passive','Adapts to terrain, gaining buffs accordingly (HP regen, movement speed, armor boost)	','Defense, Movement','','',''),('S366','H092','Jungle Strike	','Physical','Dashes forward, dealing physical damage; follow-up strikes deal additional damage based on terrain effect.','Attack','','',''),('S367','H092','Retaliate','Physical','Becomes invulnerable briefly, then deals AOE damage with additional terrain-based effects','Attack, Defense','','',''),('S368','H092','Mark of the Hunter	','Physical','Deals true damage in an area, reduces enemy movement speed, and applies silence	','Attack','','',''),('S369','H093','Fire Spirit','Magic	','Increase Damage	','Magic ','','',''),('S370','H093','Wild Fire','Magic	','Heal','Defense ','','',''),('S371','H093','Blazing Shield','Magic	','Defense','Defense','','',''),('S372','H093','Agnie\'s Grasp','Magic	','Lock on Target	','Magic ','','',''),('S373','H094','Whisperwind','Passive','Grants bonus movement speed','Movement, Support','','',''),('S374','H094','Gust Force	','Magic','Summons a wind vortex that slows enemies','Magic','','',''),('S375','H094','Wind Cuffs	','Magic','Shields allies, stuns enemies','Magic','','',''),('S376','H094','Hurricane Wall	','Magic','Creates a wind barrier that repels enemies','Magic','','',''),('S377','H095','Ambush','Passive ','Guaranteed crit from behind','Attack','','',''),('S378','H095','Mutilate	','Physical','Slashes twice dealing  damage each	','Attack','','',''),('S379','H095','Decimate','Physical','Dashes and strikes, applying a debuff reducing enemy dodge rate	','Attack','','',''),('S380','H095','Assassinate','Stealth ','Turns invisible, moves faster, gains attack boost upon exiting stealth','Attack, Movement','','',''),('S381','H096','Living Water	','Magic','Heals herself and allies when using skills	','Magic, Support','','',''),('S382','H096','Water Spirits	','Magic','Releases water spirits that slow enemies	','Magic','','',''),('S383','H096','Wall of Water	','Magic','Creates a water barrier that stuns enemies	','Magic','','',''),('S384','H096','Tide of Life	','Magic','Restores HP and makes Sephera untargetable	','Magic','','',''),('S385','H097','Zip Bloat!','Magic','Increases magic damage','Magic','','',''),('S386','H097','Zip Hex!','Magic','Deals magic damage and stuns the target.','Magic, Support','','',''),('S387','H097','Zip Angry!','Magic','Reduces enemy movement speed, pulls allies and minions into the mouth, providing a shield and healing.','Defense','','',''),('S388','H097','Zip Roll!','Magic','Grants crowd control immunity while rolling','Defense ','','',''),('S389','H098','Dimensional Force	','Magic','Boosts skill effects, and increases movement speed','Magic','','',''),('S390','H098','Dimensional Walk	','Magic','Increases movement speed, reduces incoming damage, and enhances attacks','Movement, Magic','','',''),('S391','H098','Dimensional Cube	','Magic','Creates an energy field that explodes','Magic','','',''),('S392','H098','Dimensional Portal	','Magic','Slows enemies , deals magic damage, and stuns','Magic','','',''),('S393','H099','Blood Drinker','Physical','Accumulates Berserk stacks. Each stack increases his movement speed, attack speed, and lifesteal but reduces his armor.','Attack','','',''),('S394','H099','Ghostscythe','Physical','Dashes to the target direction. If hits a non-hero unit, deals physical damage. If hits an enemy hero, causes the target to be knocked back','Attack','','',''),('S395','H099','Boneshaver','Physical','Transforms demonic arm into a blade and slashes in a straight line, dealing physical damage and reducing enemy movement speed','Attack','','',''),('S396','H099','Demon Claw','Physical','Leaps into the air, becoming untargetable, and selects a landing point. Upon landing, deals physical damage, reducing enemy armor and movement speed','Attack','','',''),('S397','H100','Shuffle','Physical ','After exiting combat, normal attacks turn into stabs that deal extra physical damage.','Attack ','','',''),('S398','H100','Blossom','Physical ','Throws a flower at the enemy, dealing physical damage and stunning','Attack ','','',''),('S399','H100','Triple Threat	','Physical ','Attacks three times: First attack slows the enemy, second deals physical damage, third strikes twice, each dealing physical damage.','Attack ','','',''),('S400','H100','Gentlemen\'s Duel	','Immunity','Dashes toward an enemy, marking them with a duel. Gains control immunity, increased damage','Defense, Attack','','',''),('S401','H101','Bloody Kiss	','Physical','Gains stacks, dealing bonus damage and healing while reducing cooldowns.','Defense','','',''),('S402','H101','Bloody Fangs	','Physical','Attacks twice with snakes, dealing damage and stunning if both hit.	','Attack','','',''),('S403','H101','Serpents Embrace	','Physical','Flings enemies in front, dealing damage and slowing them.	','Attack','','',''),('S404','H101','Venom','True Damage','Dashes, dealing true damage, and enters Enrage mode to enhance attacks.	','Attack, Movement','','',''),('S405','H102','Duel','Physical','Attack Damage','Attack','','',''),('S406','H102','Kickblade','Physical','Slow','Attack, Movement','','',''),('S407','H102','Combo','Physical','Knockup','Attack','','',''),('S408','H102','Enrage','Magic','Reduce Damage','Magic, Defense','','',''),('S409','H103','Stalk','Physical','Invisible','Movement','','',''),('S410','H103','Sentinel','Physical','Vision Grant, Bonus Damage','Attack','','',''),('S411','H103','Snipe','Physical','Movement Slow','Attack','','',''),('S412','H103','Disengage','Physical','Knockback','Attack','','',''),('S413','H104','212 Pinnacle	','Passive','Revives with a shield and enhanced attacks upon taking fatal damage	','Attack, Defense','','',''),('S414','H104','212 Pummel	','Physical','Empowers three consecutive attacks, knocking up on the third hit	','Attack, Movement','','',''),('S415','H104','212 Maelstrom	','Physical','Charges forward, dealing damage and knocking back enemies	','Attack, Defense','','',''),('S416','H104','212 Landslide	','Physical','Slams the ground, stunning enemies and dealing massive damage	','Attack','','',''),('S417','H105','Aquamarine','Passive','Switches between machine gun and laser gun mode','Attack ','','',''),('S418','H105','Pulse Shot','Physical ','Changes attack mode and fires lasers','Attack,Movement','','',''),('S419','H105','Piercing Shot','Movement Speed','Removes movement impairments and increases speed','Attack ','','',''),('S420','H105','Fusillade','Physical','Fires a spread barrage reducing enemy armor','Attack ','','',''),('S421','H106','Protection Aura	','Physical','Gains armor and lifesteal when using skills, healing when hitting enemies.	','Attack','','',''),('S422','H106','Starchaser','Physical','Dashes forward, dealing damage and knocking enemies up.	','Attack, Movement','','',''),('S423','H106','Mountain Shaker	','Physical','Releases a shockwave, dealing damage and reducing enemy armor.	','Attack','','',''),('S424','H106','The Brawler	','Physical','Knocks back all enemies in front, dealing damage and stunning if they hit walls.	','Attack, Defense','','',''),('S425','H107','Lunar Phase	','Physical','Increases speed, marks enemies, deals damage when fully stacked','Attack, Movement','','',''),('S426','H107','Crescent Strike	','Physical','Deals area damage','Magic','','',''),('S427','H107','Spinning Sickle	','Physical','Dealing damage in a straight path, slowing enemies','Magic','','',''),('S428','H107','Full Moon	','Physical','Changes weapon form, increasing damage and attack speed.','Magic','','',''),('S429','H108','Crusade','Physical','Increases damage output on distant enemies and boosts movement speed upon hit.','Attack','','',''),('S430','H108','Amputate','Mobility','Dashes to a target location, enhances attack power when Skill 2 hits an enemy.','Attack','','',''),('S431','H108','Judgment','Physical','Immobilizing the first enemy hit, increasing movement speed and reducing cooldown','Attack','','',''),('S432','H108','Decapitate','Physical','Dealing damage along the path, or to the nearest enemy if no mark is available.','Attack','','',''),('S433','H109','Lucky Star','Physical','Attack Speed Buff','Attack','','',''),('S434','H109','Light Chaser	','Physical','Enhances basic attacks','Movement','','',''),('S435','H109','Mighty Shield	','Physical','Creates a shield','Attack','','',''),('S436','H109','Double Trouble	','Physical','Stun','Attack','','',''),('S437','H110','Ballistics','Physical','Increases attack power','Attack','','',''),('S438','H110','Redeploy','Physical','increases movement speed','Movement','','',''),('S439','H110','Sentry','Physical','Slowing movement','Attack','','',''),('S440','H110','Entrench','Physical','Set up a stationary turret','Attack, Defense','','',''),('S441','H111','Flash of Inspiration	','Passive','Gains energy when using skills, increasing attack speed and healing HP.','Attack','','',''),('S442','H111','Splash Ink	','Physical','Strikes forward, dealing damage and knocking up enemies.	','Attack','','',''),('S443','H111','Coiling Dragon	','Physical','Dashes in a curve while immune to CC, dealing damage.	','Attack, Movement','','',''),('S444','H111','Crushing Mountain	','Physical','Enters an enhanced state, dealing bonus true damage.	','Attack','','',''),('S445','H112','Windstorm','Magic ',' Third basic attack deals magic damage. If his abilities hit, it triggers Windstorm','Magic','','',''),('S446','H112','Eagle Screech	','Magic ','Shoots a magic projectile at a target location, dealing magic damage','Magic','','',''),('S447','H112','Twister','Magic ','Dealing  magic damage and slowing enemies','Magic','','',''),('S448','H112','Ascend	','Magic ','Transforms movement into dashes, dealing  magic damage','Magic','','',''),('S449','H113','Fos\' Ring	','Physical','Upgrades normal attacks and skills based on marks	','Attack ','','',''),('S450','H113','Comet Strike	','Physical','Increasing speed and damage','Attack','','',''),('S451','H113','Piercing Heart	','Mobility','Dealing multiple hits and lifesteal','Attack ','','',''),('S452','H113','Sky-Breaking Saber	','Physical',' Reducing enemy speed and damage received','Attack','','',''),('S453','H114','Good Luck','Heal','Normal attack grants bonus damage and absorbs energy from the enemy to heal HP','Support','','',''),('S454','H114','Worry-free','Magic','Links to target, increasing magic power, attack speed, and movement speed','Magic','','',''),('S455','H114','Flying Wings','Buff','Increase armor and resistance','Magic','','',''),('S456','H114','Longevity','Heal','Uses his HP to heal allies and deals damage','Magic','','',''),('S457','H115','Fairy Dance	','Physical','Deals AoE damage, boosts energy, and enables short-range dashes.','Attack ','','',''),('S458','H115','Greeting of Leaves	','Magic','Fires leaves that deal magic damage and slow enemies.','Magic ','','',''),('S459','H115','Spinning Song	','Buff','Boosts energy, provides a shield, and increases movement speed.','Defense','','',''),('S460','H115','Laurel Bloom	','Magic','Unleash consecutive attacks with magic damage and movement speed boost.','Magic ','','',''),('S461','H116','Sand\'s Gift','Buff','Enhances normal attacks to deal area damage. Gains armor when hit or using abilities.	','Attack','','',''),('S462','H116','Sand Strike	','Physical','Charges forward, dealing damage and knocking up enemies.	','Attack, Movement','','',''),('S463','H116','Sands of Time	','Physical','Dashes forward 3 times, dealing damage and slowing enemies.	','Attack','','',''),('S464','H116','Sands of Victory	','Physical','Summons a sand beast, lunging forward and dealing damage while knocking enemies airborne. Gains invulnerability.	','Attack, Defense','','',''),('S465','H117','Don\'t Test Me','Buff','Increases movement speed','Movement','','',''),('S466','H117','Bonnie Smack!','Magic',' Deals AoE magic damage and marks the target area with energy','Magic','','',''),('S467','H117','Gina Thwack!','Magic','Deals AoE magic damage and stuns enemies','Magic','','',''),('S468','H117','Allan Kaboom!','Magic','Pulls enemies into a targeted area, dealing magic damage and stunning','Magic','','',''),('S469','H118','Seven-Star Sword','Physical','Enhances normal attacks after using skill','Attack','','',''),('S470','H118','Triangle Sword','Physical','Dealing physical damage and increasing movement speed','Attack, Movement','','',''),('S471','H118','Pierce Fountain','Physical','Dealing multiple instances of physical damage and healing','Attack','','',''),('S472','H118','Sky-Breaking Saber','Physical','Dealing physical damage, reducing enemy movement speed, and gaining status resistance','Attack, Defense','','',''),('S473','H119','Gift of the Merfolk	','Physical','Reduces CC duration, regenerates HP, increases AoE damage','Defense','','',''),('S474','H119','Echo of Glee	','Magic','Deals damage, slows, if the last wave hits, it knocks back enemies','Magic','','',''),('S475','H119','Dive','Magic','heals allies, reduces cooldown if in Water Terrain','Magic','','',''),('S476','H119','Oceanic Gift	','Special','Resets longest ally skill cooldown, reduces own cooldown','Support','','','');
/*!40000 ALTER TABLE `heroskills` ENABLE KEYS */;
UNLOCK TABLES;

--
-- Table structure for table `herostats`
--

DROP TABLE IF EXISTS `herostats`;
/*!40101 SET @saved_cs_client     = @@character_set_client */;
/*!50503 SET character_set_client = utf8mb4 */;
CREATE TABLE `herostats` (
  `HeroID` varchar(10) CHARACTER SET utf8mb4 COLLATE utf8mb4_general_ci NOT NULL,
  `Level` int NOT NULL,
  `Phys_ATK` float DEFAULT NULL,
  `HP` int DEFAULT NULL,
  `Phys_Defense` float DEFAULT NULL,
  `Attack_Speed` float DEFAULT NULL,
  `Critical_Rate` float DEFAULT NULL,
  `HP_5_sec` int DEFAULT NULL,
  `Armor_Pierce` float DEFAULT NULL,
  `Life_Steal` float DEFAULT NULL,
  `Magic_Power` float DEFAULT NULL,
  `Max_Mana` int DEFAULT NULL,
  `Magic_Defense` float DEFAULT NULL,
  `Cooldown_Reduction` float DEFAULT NULL,
  `Movement_Speed` float DEFAULT NULL,
  `Mana_5_sec` int DEFAULT NULL,
  `Magic_Pierce` float DEFAULT NULL,
  `Magic_Life_Steal` float DEFAULT NULL,
  `Resistance` float DEFAULT NULL,
  PRIMARY KEY (`HeroID`,`Level`),
  CONSTRAINT `herostats_ibfk_1` FOREIGN KEY (`HeroID`) REFERENCES `heroes` (`HeroID`)
) ENGINE=InnoDB DEFAULT CHARSET=utf8mb4 COLLATE=utf8mb4_general_ci;
/*!40101 SET character_set_client = @saved_cs_client */;

--
-- Dumping data for table `herostats`
--

LOCK TABLES `herostats` WRITE;
/*!40000 ALTER TABLE `herostats` DISABLE KEYS */;
INSERT INTO `herostats` VALUES ('H001',1,169,3475,140,0,0,45,18,0,15,490,50,0,360,18,18,0,0),('H001',2,178,3742,158,0.01,0,46,21,0,18,597,63,0,360,19,21,0,0),('H001',3,188,4009,177,0.02,0,48,24,0,21,704,77,0,360,21,24,0,0),('H001',4,198,4276,196,0.03,0,50,27,0,24,811,90,0,360,23,27,0,0),('H001',5,208,4543,215,0.04,0,52,30,0,27,918,104,0,360,25,30,0,0),('H001',6,218,4810,234,0.05,0,54,33,0,30,1025,117,0,360,27,33,0,0),('H001',7,228,5077,253,0.06,0,56,36,0,33,1132,130,0,360,29,36,0,0),('H001',8,238,5344,272,0.07,0,58,39,0,36,1239,144,0,360,31,39,0,0),('H001',9,247,5611,290,0.08,0,59,42,0,39,1346,157,0,360,32,42,0,0),('H001',10,257,5878,309,0.09,0,61,45,0,42,1453,171,0,360,34,45,0,0),('H001',11,267,6145,328,0.1,0,63,48,0,45,1560,184,0,360,36,48,0,0),('H001',12,277,6412,347,0.11,0,65,51,0,48,1667,198,0,360,38,51,0,0),('H001',13,287,6679,366,0.12,0,67,54,0,51,1774,211,0,360,40,54,0,0),('H001',14,296,6946,384,0.13,0,68,57,0,54,1881,225,0,360,41,57,0,0),('H001',15,306,7213,403,0.14,0,70,60,0,57,1988,238,0,360,43,60,0,0),('H002',1,170,3558,130,0,0,55,0,0,15,470,80,0,360,17,0,0,0),('H002',2,180,3813,150,0.01,0,57,0,0,18,574,93,0,360,18,0,0,0),('H002',3,191,4069,170,0.02,0,60,0,0,21,678,107,0,360,20,0,0,0),('H002',4,202,4325,190,0.03,0,63,0,0,24,782,120,0,360,22,0,0,0),('H002',5,213,4581,210,0.04,0,66,0,0,27,886,134,0,360,24,0,0,0),('H002',6,224,4837,230,0.05,0,69,0,0,30,990,147,0,360,26,0,0,0),('H002',7,235,5093,250,0.06,0,72,0,0,33,1094,160,0,360,28,0,0,0),('H002',8,246,5349,270,0.07,0,75,0,0,36,1198,174,0,360,30,0,0,0),('H002',9,256,5604,290,0.08,0,77,0,0,39,1302,187,0,360,31,0,0,0),('H002',10,267,5860,310,0.09,0,80,0,0,42,1406,201,0,360,33,0,0,0),('H002',11,278,6116,330,0.1,0,83,0,0,45,1510,214,0,360,35,0,0,0),('H002',12,289,6372,350,0.11,0,86,0,0,48,1614,228,0,360,37,0,0,0),('H002',13,300,6628,370,0.12,0,89,0,0,51,1718,241,0,360,39,0,0,0),('H002',14,310,6883,390,0.13,0,91,0,0,54,1822,255,0,360,40,0,0,0),('H002',15,321,7139,410,0.14,0,94,0,0,57,1926,268,0,360,42,0,0,0),('H003',1,NULL,NULL,NULL,NULL,NULL,NULL,NULL,NULL,NULL,NULL,NULL,NULL,NULL,NULL,NULL,NULL,NULL),('H003',2,NULL,NULL,NULL,NULL,NULL,NULL,NULL,NULL,NULL,NULL,NULL,NULL,NULL,NULL,NULL,NULL,NULL),('H003',3,NULL,NULL,NULL,NULL,NULL,NULL,NULL,NULL,NULL,NULL,NULL,NULL,NULL,NULL,NULL,NULL,NULL),('H003',4,NULL,NULL,NULL,NULL,NULL,NULL,NULL,NULL,NULL,NULL,NULL,NULL,NULL,NULL,NULL,NULL,NULL),('H003',5,NULL,NULL,NULL,NULL,NULL,NULL,NULL,NULL,NULL,NULL,NULL,NULL,NULL,NULL,NULL,NULL,NULL),('H003',6,NULL,NULL,NULL,NULL,NULL,NULL,NULL,NULL,NULL,NULL,NULL,NULL,NULL,NULL,NULL,NULL,NULL),('H003',7,NULL,NULL,NULL,NULL,NULL,NULL,NULL,NULL,NULL,NULL,NULL,NULL,NULL,NULL,NULL,NULL,NULL),('H003',8,NULL,NULL,NULL,NULL,NULL,NULL,NULL,NULL,NULL,NULL,NULL,NULL,NULL,NULL,NULL,NULL,NULL),('H003',9,NULL,NULL,NULL,NULL,NULL,NULL,NULL,NULL,NULL,NULL,NULL,NULL,NULL,NULL,NULL,NULL,NULL),('H003',10,NULL,NULL,NULL,NULL,NULL,NULL,NULL,NULL,NULL,NULL,NULL,NULL,NULL,NULL,NULL,NULL,NULL),('H003',11,NULL,NULL,NULL,NULL,NULL,NULL,NULL,NULL,NULL,NULL,NULL,NULL,NULL,NULL,NULL,NULL,NULL),('H003',12,NULL,NULL,NULL,NULL,NULL,NULL,NULL,NULL,NULL,NULL,NULL,NULL,NULL,NULL,NULL,NULL,NULL),('H003',13,NULL,NULL,NULL,NULL,NULL,NULL,NULL,NULL,NULL,NULL,NULL,NULL,NULL,NULL,NULL,NULL,NULL),('H003',14,NULL,NULL,NULL,NULL,NULL,NULL,NULL,NULL,NULL,NULL,NULL,NULL,NULL,NULL,NULL,NULL,NULL),('H003',15,NULL,NULL,NULL,NULL,NULL,NULL,NULL,NULL,NULL,NULL,NULL,NULL,NULL,NULL,NULL,NULL,NULL),('H004',1,196,3585,134,0,0,50,0,0,27,440,80,0,370,15,0,0,0),('H004',2,213,3863,157,0.03,0,51,0,0,30,535,93,0,370,16,0,0,0),('H004',3,231,4142,181,0.06,0,53,0,0,33,630,107,0,370,18,0,0,0),('H004',4,248,4421,204,0.09,0,55,0,0,36,725,120,0,370,19,0,0,0),('H004',5,266,4700,228,0.12,0,57,0,0,39,820,134,0,370,21,0,0,0),('H004',6,284,4979,252,0.15,0,59,0,0,42,915,147,0,370,22,0,0,0),('H004',7,301,5258,275,0.18,0,61,0,0,45,1010,160,0,370,23,0,0,0),('H004',8,319,5537,299,0.21,0,63,0,0,48,1105,174,0,370,25,0,0,0),('H004',9,336,5815,322,0.24,0,64,0,0,51,1200,187,0,370,26,0,0,0),('H004',10,354,6094,346,0.27,0,66,0,0,54,1295,201,0,370,28,0,0,0),('H004',11,371,6373,369,0.3,0,68,0,0,57,1390,214,0,370,29,0,0,0),('H004',12,389,6652,393,0.33,0,70,0,0,60,1485,228,0,370,31,0,0,0),('H004',13,406,6931,416,0.36,0,72,0,0,63,1580,241,0,370,32,0,0,0),('H004',14,424,7209,440,0.39,0,73,0,0,66,1675,255,0,370,34,0,0,0),('H004',15,441,7488,463,0.42,0,75,0,0,69,1770,268,0,370,35,0,0,0),('H005',1,NULL,NULL,NULL,NULL,NULL,NULL,NULL,NULL,NULL,NULL,NULL,NULL,NULL,NULL,NULL,NULL,NULL),('H005',2,NULL,NULL,NULL,NULL,NULL,NULL,NULL,NULL,NULL,NULL,NULL,NULL,NULL,NULL,NULL,NULL,NULL),('H005',3,NULL,NULL,NULL,NULL,NULL,NULL,NULL,NULL,NULL,NULL,NULL,NULL,NULL,NULL,NULL,NULL,NULL),('H005',4,NULL,NULL,NULL,NULL,NULL,NULL,NULL,NULL,NULL,NULL,NULL,NULL,NULL,NULL,NULL,NULL,NULL),('H005',5,NULL,NULL,NULL,NULL,NULL,NULL,NULL,NULL,NULL,NULL,NULL,NULL,NULL,NULL,NULL,NULL,NULL),('H005',6,NULL,NULL,NULL,NULL,NULL,NULL,NULL,NULL,NULL,NULL,NULL,NULL,NULL,NULL,NULL,NULL,NULL),('H005',7,NULL,NULL,NULL,NULL,NULL,NULL,NULL,NULL,NULL,NULL,NULL,NULL,NULL,NULL,NULL,NULL,NULL),('H005',8,NULL,NULL,NULL,NULL,NULL,NULL,NULL,NULL,NULL,NULL,NULL,NULL,NULL,NULL,NULL,NULL,NULL),('H005',9,NULL,NULL,NULL,NULL,NULL,NULL,NULL,NULL,NULL,NULL,NULL,NULL,NULL,NULL,NULL,NULL,NULL),('H005',10,NULL,NULL,NULL,NULL,NULL,NULL,NULL,NULL,NULL,NULL,NULL,NULL,NULL,NULL,NULL,NULL,NULL),('H005',11,NULL,NULL,NULL,NULL,NULL,NULL,NULL,NULL,NULL,NULL,NULL,NULL,NULL,NULL,NULL,NULL,NULL),('H005',12,NULL,NULL,NULL,NULL,NULL,NULL,NULL,NULL,NULL,NULL,NULL,NULL,NULL,NULL,NULL,NULL,NULL),('H005',13,NULL,NULL,NULL,NULL,NULL,NULL,NULL,NULL,NULL,NULL,NULL,NULL,NULL,NULL,NULL,NULL,NULL),('H005',14,NULL,NULL,NULL,NULL,NULL,NULL,NULL,NULL,NULL,NULL,NULL,NULL,NULL,NULL,NULL,NULL,NULL),('H005',15,NULL,NULL,NULL,NULL,NULL,NULL,NULL,NULL,NULL,NULL,NULL,NULL,NULL,NULL,NULL,NULL,NULL),('H006',1,177,3475,137,0,0,46,18,0,0,0,80,0,350,0,18,0,0),('H006',2,189,3707,155,0.01,0,48,21,0,0,0,93,0,350,0,21,0,0),('H006',3,202,3940,173,0.02,0,50,24,0,0,0,107,0,350,0,24,0,0),('H006',4,215,4172,191,0.03,0,52,27,0,0,0,120,0,350,0,27,0,0),('H006',5,228,4405,209,0.04,0,54,30,0,0,0,134,0,350,0,30,0,0),('H006',6,241,4638,227,0.05,0,56,33,0,0,0,147,0,350,0,33,0,0),('H006',7,254,4870,245,0.06,0,58,36,0,0,0,160,0,350,0,36,0,0),('H006',8,267,5103,263,0.07,0,60,39,0,0,0,174,0,350,0,39,0,0),('H006',9,279,5335,281,0.08,0,62,42,0,0,0,187,0,350,0,42,0,0),('H006',10,292,5568,299,0.09,0,64,45,0,0,0,201,0,350,0,45,0,0),('H006',11,305,5800,317,0.1,0,66,48,0,0,0,214,0,350,0,48,0,0),('H006',12,318,6033,335,0.11,0,68,51,0,0,0,228,0,350,0,51,0,0),('H006',13,331,6265,353,0.12,0,70,54,0,0,0,241,0,350,0,54,0,0),('H006',14,343,6498,371,0.13,0,72,57,0,0,0,255,0,350,0,57,0,0),('H006',15,356,6730,389,0.14,0,74,60,0,0,0,268,0,350,0,60,0,0),('H007',1,177,3379,134,0,0,47,18,0,12,100,80,0,350,0,18,0,0),('H007',2,194,3634,152,0,0,49,21,0,12,100,93,0,350,0,21,0,0),('H007',3,212,3890,171,0,0,51,24,0,12,100,107,0,350,0,24,0,0),('H007',4,229,4146,189,0,0,53,27,0,12,100,120,0,350,0,27,0,0),('H007',5,247,4401,208,0,0,55,30,0,12,100,133.5,0,350,0,30,0,0),('H007',6,265,4657,227,0,0,57,33,0,12,100,146.9,0,350,0,33,0,0),('H007',7,282,4912,245,0,0,59,36,0,12,100,160.3,0,350,0,36,0,0),('H007',8,299,5168,263,0,0,61,39,0,12,100,173.7,0,350,0,39,0,0),('H007',9,317,5424,282,0,0,63,42,0,12,100,187.1,0,350,0,42,0,0),('H007',10,335,5680,301,0,0,65,45,0,12,100,200.5,0,350,0,45,0,0),('H007',11,352,5935,319,0,0,67,48,0,12,100,213.9,0,350,0,48,0,0),('H007',12,370,6191,338,0,0,69,51,0,12,100,227.3,0,350,0,51,0,0),('H007',13,387,6447,356,0,0,71,54,0,12,100,240.7,0,350,0,54,0,0),('H007',14,405,6702,375,0,0,73,57,0,12,100,254.1,0,350,0,57,0,0),('H007',15,423,6958,394,0,0,75,60,0,12,100,267.5,0,350,0,60,0,0),('H008',1,172,3360,133,0.6,0,55,0,0,0,0,80,0,380,0,0,0,0),('H008',2,187,3660,153,0.62,0,57,0,0,0,0,93,0,380,0,0,0,0),('H008',3,202,3960,173,0.64,0,59,0,0,0,0,107,0,380,0,0,0,0),('H008',4,217,4260,193,0.66,0,61,0,0,0,0,120,0,380,0,0,0,0),('H008',5,233,4560,213,0.68,0,63,0,0,0,0,134,0,380,0,0,0,0),('H008',6,248,4860,233,0.7,0,65,0,0,0,0,147,0,380,0,0,0,0),('H008',7,263,5160,253,0.72,0,68,0,0,0,0,161,0,380,0,0,0,0),('H008',8,278,5460,273,0.74,0,70,0,0,0,0,175,0,380,0,0,0,0),('H008',9,293,5760,293,0.76,0,72,0,0,0,0,188,0,380,0,0,0,0),('H008',10,308,6060,313,0.78,0,74,0,0,0,0,201,0,380,0,0,0,0),('H008',11,324,6360,333,0.8,0,76,0,0,0,0,215,0,380,0,0,0,0),('H008',12,339,6660,353,0.82,0,78,0,0,0,0,228,0,380,0,0,0,0),('H008',13,354,6960,373,0.84,0,81,0,0,0,0,242,0,380,0,0,0,0),('H008',14,369,7260,393,0.86,0,83,0,0,0,0,255,0,380,0,0,0,0),('H008',15,384,7560,413,0.88,0,85,0,0,0,0,269,0,380,0,0,0,0),('H009',1,188,3535,135,0,0,61,0,0,27,0,80,0,360,0,0,0,0),('H009',2,204,3807,156,0.03,0,62,0,0,30,0,93,0,360,0,0,0,0),('H009',3,221,4079,177,0.06,0,64,0,0,33,0,107,0,360,0,0,0,0),('H009',4,238,4351,198,0.09,0,66,0,0,36,0,120,0,360,0,0,0,0),('H009',5,255,4623,219,0.12,0,68,0,0,39,0,134,0,360,0,0,0,0),('H009',6,272,4895,241,0.15,0,70,0,0,42,0,147,0,360,0,0,0,0),('H009',7,288,5167,262,0.18,0,72,0,0,45,0,161,0,360,0,0,0,0),('H009',8,305,5439,283,0.21,0,74,0,0,48,0,175,0,360,0,0,0,0),('H009',9,322,5711,304,0.24,0,76,0,0,51,0,188,0,360,0,0,0,0),('H009',10,339,5983,326,0.27,0,78,0,0,54,0,201,0,360,0,0,0,0),('H009',11,356,6255,347,0.3,0,80,0,0,57,0,215,0,360,0,0,0,0),('H009',12,372,6527,368,0.33,0,81,0,0,60,0,228,0,360,0,0,0,0),('H009',13,389,6799,389,0.36,0,83,0,0,63,0,242,0,360,0,0,0,0),('H009',14,406,7071,410,0.39,0,85,0,0,66,0,255,0,360,0,0,0,0),('H009',15,423,7343,431,0.42,0,87,0,0,69,0,269,0,360,0,0,0,0),('H010',1,169,3657,147,0,0,61,0,0,15,0,80,0,380,0,0,0,0),('H010',2,182,4010,171,0.03,0,64,0,0,18,0,93,0,380,0,0,0,0),('H010',3,196,4364,196,0.06,0,67,0,0,21,0,107,0,380,0,0,0,0),('H010',4,209,4717,221,0.09,0,71,0,0,24,0,120,0,380,0,0,0,0),('H010',5,223,5072,245,0.12,0,74,0,0,27,0,134,0,380,0,0,0,0),('H010',6,237,5426,269,0.15,0,78,0,0,30,0,148,0,380,0,0,0,0),('H010',7,250,5779,294,0.18,0,81,0,0,33,0,161,0,380,0,0,0,0),('H010',8,264,6133,319,0.21,0,84,0,0,36,0,175,0,380,0,0,0,0),('H010',9,277,6487,343,0.24,0,88,0,0,39,0,188,0,380,0,0,0,0),('H010',10,291,6841,368,0.27,0,91,0,0,42,0,202,0,380,0,0,0,0),('H010',11,304,7194,392,0.3,0,94,0,0,45,0,215,0,380,0,0,0,0),('H010',12,318,7548,417,0.33,0,98,0,0,48,0,229,0,380,0,0,0,0),('H010',13,331,7902,442,0.36,0,101,0,0,51,0,242,0,380,0,0,0,0),('H010',14,345,8256,466,0.39,0,104,0,0,54,0,256,0,380,0,0,0,0),('H010',15,358,8610,491,0.42,0,107,0,0,57,0,269,0,380,0,0,0,0),('H011',1,183,3400,135,0,0,50,0,0,27,0,80,0,360,0,0,0,0),('H011',2,200,3660,155,0.03,0,52,0,0,30,0,93,0,360,0,0,0,0),('H011',3,217,3920,175,0.06,0,54,0,0,33,0,107,0,360,0,0,0,0),('H011',4,234,4180,195,0.09,0,56,0,0,36,0,120,0,360,0,0,0,0),('H011',5,251,4440,215,0.12,0,58,0,0,39,0,134,0,360,0,0,0,0),('H011',6,268,4700,235,0.15,0,60,0,0,42,0,147,0,360,0,0,0,0),('H011',7,285,4960,255,0.18,0,62,0,0,45,0,161,0,360,0,0,0,0),('H011',8,302,5220,275,0.21,0,64,0,0,48,0,175,0,360,0,0,0,0),('H011',9,319,5480,295,0.24,0,66,0,0,51,0,188,0,360,0,0,0,0),('H011',10,336,5740,315,0.27,0,68,0,0,54,0,201,0,360,0,0,0,0),('H011',11,353,6000,335,0.3,0,70,0,0,57,0,215,0,360,0,0,0,0),('H011',12,370,6260,355,0.33,0,72,0,0,60,0,228,0,360,0,0,0,0),('H011',13,387,6520,375,0.36,0,74,0,0,63,0,242,0,360,0,0,0,0),('H011',14,404,6780,395,0.39,0,76,0,0,66,0,255,0,360,0,0,0,0),('H011',15,421,7040,415,0.42,0,78,0,0,69,0,269,0,360,0,0,0,0),('H012',1,175,3660,134,0,0,55,18,0,15,450,80,0,380,18,18,0.2,0),('H012',2,192,3942,157,0.03,0,58,21,0,18,565,93,0,380,19,21,0.2,0),('H012',3,209,4224,174,0.06,0,61,24,0,21,680,107,0,380,21,24,0.2,0),('H012',4,226,4506,194,0.09,0,64,27,0,24,795,120,0,380,23,27,0.2,0),('H012',5,243,4788,214,0.12,0,67,30,0,25,910,134,0,380,25,30,0.2,0),('H012',6,260,5070,234,0.15,0,70,33,0,28,1025,147,0,380,27,33,0.2,0),('H012',7,277,5352,254,0.18,0,73,36,0,30,1140,161,0,380,29,36,0.2,0),('H012',8,294,5634,274,0.21,0,76,39,0,33,1255,175,0,380,31,39,0.2,0),('H012',9,311,5916,294,0.24,0,79,42,0,35,1370,188,0,380,33,42,0.2,0),('H012',10,328,6198,313,0.27,0,82,45,0,38,1485,201,0,380,35,45,0.2,0),('H012',11,345,6480,333,0.3,0,85,48,0,40,1600,215,0,380,37,48,0.2,0),('H012',12,362,6762,353,0.33,0,88,51,0,43,1715,228,0,380,38,51,0.2,0),('H012',13,379,7044,373,0.36,0,91,54,0,45,1830,242,0,380,40,54,0.2,0),('H012',14,396,7326,392,0.39,0,94,57,0,48,1945,255,0,380,42,57,0.2,0),('H012',15,413,7608,412,0.42,0,97,60,0,51,2060,269,0,380,44,60,0.2,0),('H013',1,160,3000,131,0,0,57,18,0,0,600,80,0,360,19,18,0,0.13),('H013',2,169,3235,149,0.01,0,55,21,0,0,720,93,0,360,20,21,0,0.13),('H013',3,179,3470,168,0.02,0,61,24,0,0,840,107,0,360,22,24,0,0.13),('H013',4,188,3705,187,0.03,0,63,27,0,0,960,120,0,360,24,27,0,0.13),('H013',5,198,3940,206,0.04,0,65,30,0,0,1080,134,0,360,26,30,0,0.13),('H013',6,208,4175,225,0.05,0,67,33,0,0,1200,147,0,360,28,33,0,0.13),('H013',7,217,4410,244,0.06,0,69,36,0,0,1320,160,0,360,30,36,0,0.13),('H013',8,227,4645,263,0.07,0,72,39,0,0,1440,174,0,360,32,39,0,0.13),('H013',9,236,4880,281,0.08,0,74,42,0,0,1560,187,0,360,33,42,0,0.13),('H013',10,246,5115,300,0.09,0,77,45,0,0,1680,201,0,360,35,45,0,0.13),('H013',11,255,5350,319,0.1,0,79,48,0,0,1800,214,0,360,37,48,0,0.13),('H013',12,265,5585,338,0.11,0,81,51,0,0,1920,228,0,360,39,51,0,0.13),('H013',13,274,5820,357,0.12,0,84,54,0,0,2040,241,0,360,41,54,0,0.13),('H013',14,284,6055,375,0.13,0,86,57,0,0,2160,255,0,360,42,57,0,0.13),('H013',15,293,6290,394,0.14,0,89,60,0,0,2280,268,0,360,44,60,0,0.13),('H014',1,174,3720,145,0,0,54,0,0,27,0,80,0,380,0,0,0,0),('H014',2,185,4055,168,0.01,0,56,0,0,30,0,93,0,380,0,0,0,0),('H014',3,197,4390,192,0.02,0,58,0,0,33,0,107,0,380,0,0,0,0),('H014',4,209,4725,215,0.03,0,60,0,0,36,0,120,0,380,0,0,0,0),('H014',5,221,5060,239,0.04,0,62,0,0,39,0,134,0,380,0,0,0,0),('H014',6,233,5395,262,0.05,0,64,0,0,42,0,147,0,380,0,0,0,0),('H014',7,245,5730,285,0.06,0,66,0,0,45,0,160,0,380,0,0,0,0),('H014',8,257,6065,309,0.07,0,68,0,0,48,0,174,0,380,0,0,0,0),('H014',9,268,6400,332,0.08,0,70,0,0,51,0,187,0,380,0,0,0,0),('H014',10,280,6735,356,0.09,0,72,0,0,54,0,201,0,380,0,0,0,0),('H014',11,292,7070,379,0.1,0,74,0,0,57,0,214,0,380,0,0,0,0),('H014',12,304,7405,403,0.11,0,76,0,0,60,0,228,0,380,0,0,0,0),('H014',13,316,7740,426,0.12,0,78,0,0,63,0,241,0,380,0,0,0,0),('H014',14,327,8075,450,0.13,0,80,0,0,66,0,255,0,380,0,0,0,0),('H014',15,339,8410,473,0.14,0,82,0,0,69,0,268,0,380,0,0,0,0),('H015',1,160,3555,130,0,0,60,18,0,0,430,80,0,400,15,18,0,0),('H015',2,168,3877,150,0.01,0,62,21,0,0,525,93,0,400,16,21,0,0),('H015',3,177,4199,170,0.02,0,65,24,0,0,620,107,0,400,18,24,0,0),('H015',4,186,4521,190,0.03,0,68,27,0,0,715,120,0,400,19,27,0,0),('H015',5,195,4843,210,0.04,0,69,30,0,0,810,134,0,400,22,30,0,0),('H015',6,204,5165,230,0.05,0,72,33,0,0,905,147,0,400,23,33,0,0),('H015',7,213,5487,250,0.06,0,74,36,0,0,1000,160,0,400,24,36,0,0),('H015',8,222,5809,270,0.07,0,76,39,0,0,1095,174,0,400,26,39,0,0),('H015',9,230,6131,290,0.08,0,79,42,0,0,1190,187,0,400,28,42,0,0),('H015',10,239,6453,310,0.09,0,81,45,0,0,1285,201,0,400,29,45,0,0),('H015',11,248,6775,330,0.1,0,84,48,0,0,1380,214,0,400,31,48,0,0),('H015',12,257,7097,350,0.11,0,86,51,0,0,1475,228,0,400,33,51,0,0),('H015',13,266,7419,370,0.12,0,88,54,0,0,1570,241,0,400,35,54,0,0),('H015',14,274,7741,390,0.13,0,91,57,0,0,1665,255,0,400,36,57,0,0),('H015',15,283,8063,410,0.14,0,93,60,0,0,1760,268,0,400,38,60,0,0),('H016',1,162,3672,138,0,0,57,0,0,0,450,80,0,360,16,0,0,0),('H016',2,171,4007,163,0.01,0,60,0,0,0,547,93,0,360,17,0,0,0),('H016',3,181,4342,188,0.02,0,63,0,0,0,644,107,0,360,19,0,0,0),('H016',4,191,4678,213,0.03,0,66,0,0,0,741,120,0,360,20,0,0,0),('H016',5,200,5013,238,0.04,0,69,0,0,0,838,134,0,360,22,0,0,0),('H016',6,210,5349,263,0.05,0,72,0,0,0,935,147,0,360,24,0,0,0),('H016',7,220,5684,288,0.06,0,75,0,0,0,1032,160,0,360,25,0,0,0),('H016',8,229,6019,313,0.07,0,78,0,0,0,1129,174,0,360,27,0,0,0),('H016',9,239,6355,338,0.08,0,81,0,0,0,1226,187,0,360,28,0,0,0),('H016',10,249,6690,363,0.09,0,84,0,0,0,1323,201,0,360,30,0,0,0),('H016',11,258,7025,388,0.1,0,87,0,0,0,1420,214,0,360,31,0,0,0),('H016',12,268,7361,413,0.11,0,90,0,0,0,1517,228,0,360,33,0,0,0),('H016',13,277,7696,438,0.12,0,93,0,0,0,1614,241,0,360,34,0,0,0),('H016',14,287,8031,463,0.13,0,96,0,0,0,1711,255,0,360,36,0,0,0),('H016',15,297,8366,488,0.14,0,99,0,0,0,1808,268,0,360,37,0,0,0),('H017',1,159,3657,147,0,0,61,0,0,0,430,82,0,380,15,0,0,0),('H017',2,170,4010,171,0.03,0,64,0,0,0,524,93,0,380,16,0,0,0),('H017',3,182,4364,196,0.06,0,67,0,0,0,618,107,0,380,17,0,0,0),('H017',4,193,4718,221,0.09,0,71,0,0,0,712,120,0,380,19,0,0,0),('H017',5,205,5072,245,0.12,0,74,0,0,0,806,134,0,380,21,0,0,0),('H017',6,217,5426,270,0.15,0,77,0,0,0,900,147,0,380,23,0,0,0),('H017',7,228,5779,295,0.18,0,81,0,0,0,994,161,0,380,24,0,0,0),('H017',8,240,6133,319,0.21,0,84,0,0,0,1088,174,0,380,26,0,0,0),('H017',9,251,6487,344,0.24,0,88,0,0,0,1182,188,0,380,27,0,0,0),('H017',10,263,6481,369,0.27,0,91,0,0,0,1276,201,0,380,29,0,0,0),('H017',11,275,7165,394,0.3,0,94,0,0,0,1370,215,0,380,31,0,0,0),('H017',12,286,7548,418,0.33,0,98,0,0,0,1464,228,0,380,32,0,0,0),('H017',13,298,7902,443,0.36,0,101,0,0,0,1558,242,0,380,34,0,0,0),('H017',14,309,8256,468,0.39,0,105,0,0,0,1652,255,0,380,36,0,0,0),('H017',15,321,8610,492,0.42,0,108,0,0,0,1746,269,0,380,37,0,0,0),('H018',1,191,3784,141,0,0,72,0,0,27,0,80,0,380,0,0,0,0),('H018',2,205,4140,166,0.02,0,75,0,0,30,0,93,0,380,0,0,0,0),('H018',3,220,4497,192,0.04,0,78,0,0,33,0,107,0,380,0,0,0,0),('H018',4,235,4853,218,0.06,0,81,0,0,36,0,120,0,380,0,0,0,0),('H018',5,249,5210,244,0.08,0,84,0,0,39,0,134,0,380,0,0,0,0),('H018',6,264,5567,270,0.1,0,87,0,0,42,0,147,0,380,0,0,0,0),('H018',7,279,5923,296,0.12,0,90,0,0,45,0,160,0,380,0,0,0,0),('H018',8,293,6280,322,0.14,0,93,0,0,48,0,174,0,380,0,0,0,0),('H018',9,308,6636,347,0.16,0,96,0,0,51,0,187,0,380,0,0,0,0),('H018',10,323,6993,373,0.18,0,99,0,0,54,0,201,0,380,0,0,0,0),('H018',11,337,7349,399,0.2,0,102,0,0,57,0,214,0,380,0,0,0,0),('H018',12,352,7706,425,0.22,0,105,0,0,60,0,228,0,380,0,0,0,0),('H018',13,366,8062,451,0.24,0,108,0,0,63,0,241,0,380,0,0,0,0),('H018',14,381,8419,476,0.26,0,111,0,0,66,0,255,0,380,0,0,0,0),('H018',15,396,8775,502,0.28,0,114,0,0,69,0,268,0,380,0,0,0,0),('H019',1,183,3377,130,0,0,46,0,0,27,0,80,0,350,0,0,0,0),('H019',2,202,3634,151,0.02,0,47,0,0,30,0,93,0,350,0,0,0,0),('H019',3,221,3891,172,0.04,0,49,0,0,33,0,107,0,350,0,0,0,0),('H019',4,240,4148,193,0.06,0,51,0,0,36,0,120,0,350,0,0,0,0),('H019',5,260,4406,214,0.08,0,53,0,0,39,0,134,0,350,0,0,0,0),('H019',6,279,4663,235,0.1,0,55,0,0,42,0,148,0,350,0,0,0,0),('H019',7,298,4920,256,0.12,0,57,0,0,45,0,161,0,350,0,0,0,0),('H019',8,318,5178,277,0.14,0,59,0,0,48,0,175,0,350,0,0,0,0),('H019',9,337,5435,298,0.16,0,60,0,0,51,0,188,0,350,0,0,0,0),('H019',10,356,5692,319,0.18,0,62,0,0,54,0,202,0,350,0,0,0,0),('H019',11,375,5949,340,0.2,0,64,0,0,57,0,215,0,350,0,0,0,0),('H019',12,394,6206,361,0.22,0,66,0,0,60,0,229,0,350,0,0,0,0),('H019',13,414,6464,382,0.24,0,68,0,0,63,0,242,0,350,0,0,0,0),('H019',14,433,6721,403,0.26,0,69,0,0,66,0,256,0,350,0,0,0,0),('H019',15,452,6978,424,0.28,0,71,0,0,69,0,269,0,350,0,0,0,0),('H020',1,166,3719,159,0,0,68,0,0,12,470,80,0,380,17,0,0,0),('H020',2,176,4120,189,0.03,0,72,0,0,12,575,93,0,380,18,0,0,0),('H020',3,186,4521,220,0.06,0,76,0,0,12,680,107,0,380,20,0,0,0),('H020',4,196,4922,250,0.09,0,80,0,0,12,785,120,0,380,22,0,0,0),('H020',5,207,5323,281,0.12,0,84,0,0,12,890,134,0,380,24,0,0,0),('H020',6,217,5724,312,0.15,0,89,0,0,12,995,147,0,380,26,0,0,0),('H020',7,227,6125,342,0.18,0,93,0,0,12,1100,161,0,380,27,0,0,0),('H020',8,238,6526,373,0.21,0,97,0,0,12,1205,174,0,380,29,0,0,0),('H020',9,248,6927,403,0.24,0,101,0,0,12,1310,188,0,380,31,0,0,0),('H020',10,258,7328,434,0.27,0,106,0,0,12,1415,201,0,380,33,0,0,0),('H020',11,269,7729,465,0.3,0,110,0,0,12,1520,215,0,380,35,0,0,0),('H020',12,278,8130,495,0.33,0,114,0,0,12,1625,228,0,380,36,0,0,0),('H020',13,289,8531,526,0.36,0,118,0,0,12,1730,242,0,380,38,0,0,0),('H020',14,299,8932,556,0.39,0,123,0,0,12,1835,255,0,380,40,0,0,0),('H020',15,310,9333,587,0.42,0,127,0,0,12,1940,269,0,380,42,0,0,0),('H021',1,160,3555,139,0,0,54,18,0,0,490,80,0,360,17,18,0,0),('H021',2,169,3828,163,0.01,0,55,21,0,0,596,93,0,360,18,21,0,0),('H021',3,179,4082,157,0.02,0,57,24,0,0,702,107,0,360,20,24,0,0),('H021',4,189,4345,211,0.03,0,59,27,0,0,808,120,0,360,22,27,0,0),('H021',5,199,4609,235,0.04,0,61,30,0,0,914,134,0,360,24,30,0,0),('H021',6,209,4872,253,0.05,0,63,33,0,0,1020,147,0,360,26,33,0,0),('H021',7,219,5134,277,0.06,0,65,36,0,0,1126,160,0,360,28,36,0,0),('H021',8,229,5397,301,0.07,0,67,39,0,0,1232,174,0,360,30,39,0,0),('H021',9,238,5659,325,0.08,0,68,42,0,0,1338,187,0,360,31,42,0,0),('H021',10,248,5922,349,0.09,0,70,45,0,0,1444,201,0,360,33,45,0,0),('H021',11,258,6184,373,0.1,0,72,48,0,0,1550,214,0,360,35,48,0,0),('H021',12,268,6447,397,0.11,0,74,51,0,0,1656,228,0,360,37,51,0,0),('H021',13,278,6709,421,0.12,0,76,54,0,0,1762,241,0,360,39,54,0,0),('H021',14,287,6972,445,0.13,0,77,57,0,0,1868,255,0,360,40,57,0,0),('H021',15,297,7234,469,0.14,0,79,60,0,0,1974,268,0,360,42,60,0,0),('H022',1,172,3475,137,0,0,54,18,0,15,490,80,0,350,17,18,0,0),('H022',2,184,3707,155,0.01,0,55,21,0,18,594,93,0,350,18,21,0,0),('H022',3,197,3940,173,0.02,0,57,24,0,21,698,107,0,350,20,24,0,0),('H022',4,210,4172,191,0.03,0,59,27,0,24,802,120,0,350,22,27,0,0),('H022',5,223,4405,209,0.04,0,61,30,0,27,906,134,0,350,23,30,0,0),('H022',6,236,4638,227,0.05,0,62,33,0,30,1010,147,0,350,25,33,0,0),('H022',7,249,4870,245,0.06,0,64,36,0,33,1114,160,0,350,27,36,0,0),('H022',8,262,5103,263,0.07,0,66,39,0,36,1218,174,0,350,28,39,0,0),('H022',9,274,5335,281,0.08,0,68,42,0,39,1322,187,0,350,30,42,0,0),('H022',10,287,5568,299,0.09,0,69,45,0,42,1426,201,0,350,32,45,0,0),('H022',11,300,5800,317,0.1,0,71,48,0,45,1530,214,0,350,33,48,0,0),('H022',12,313,6033,335,0.11,0,73,51,0,48,1634,228,0,350,35,51,0,0),('H022',13,326,6265,353,0.12,0,75,54,0,51,1738,241,0,350,36,54,0,0),('H022',14,338,6498,371,0.13,0,77,57,0,54,1842,255,0,350,38,57,0,0),('H022',15,351,6730,389,0.14,0,78,60,0,57,1946,268,0,350,40,60,0,0),('H023',1,183,3620,146,0,0,67,0,0,15,0,80,0,380,0,0,0,0),('H023',2,195,3973,171,0.02,0,71,0,0,18,0,93,0,380,0,0,0,0),('H023',3,208,4326,197,0.04,0,75,0,0,21,0,107,0,380,0,0,0,0),('H023',4,220,4679,222,0.06,0,80,0,0,24,0,120,0,380,0,0,0,0),('H023',5,223,5033,248,0.08,0,84,0,0,27,0,134,0,380,0,0,0,0),('H023',6,246,5386,274,0.1,0,89,0,0,30,0,147,0,380,0,0,0,0),('H023',7,258,5739,299,0.12,0,93,0,0,33,0,161,0,380,0,0,0,0),('H023',8,271,6093,325,0.14,0,98,0,0,36,0,174,0,380,0,0,0,0),('H023',9,283,6446,350,0.16,0,102,0,0,39,0,188,0,380,0,0,0,0),('H023',10,296,6799,376,0.18,0,106,0,0,42,0,201,0,380,0,0,0,0),('H023',11,309,7153,402,0.2,0,111,0,0,45,0,215,0,380,0,0,0,0),('H023',12,321,7506,427,0.22,0,115,0,0,48,0,228,0,380,0,0,0,0),('H023',13,334,7859,453,0.24,0,120,0,0,51,0,242,0,380,0,0,0,0),('H023',14,346,8212,478,0.26,0,120,0,0,54,0,255,0,380,0,0,0,0),('H023',15,359,8566,504,0.28,0,129,0,0,57,0,269,0,380,0,0,0,0),('H024',1,178,3555,133,0,0,55,0,0,15,490,80,0,360,18,0,0,0),('H024',2,190,3869,157,0.02,0,57,0,0,18,599,93,0,360,19,0,0,0),('H024',3,202,4184,181,0.04,0,60,0,0,21,708,107,0,360,21,0,0,0),('H024',4,214,4499,205,0.06,0,63,0,0,24,817,120,0,360,23,0,0,0),('H024',5,226,4814,229,0.08,0,66,0,0,27,926,134,0,360,25,0,0,0),('H024',6,238,5128,253,0.1,0,68,0,0,30,1035,147,0,360,26,0,0,0),('H024',7,250,5443,277,0.12,0,71,0,0,33,1144,160,0,360,28,0,0,0),('H024',8,262,5758,301,0.14,0,74,0,0,36,1253,174,0,360,30,0,0,0),('H024',9,274,6072,325,0.16,0,76,0,0,39,1362,187,0,360,31,0,0,0),('H024',10,286,6387,349,0.18,0,79,0,0,42,1471,201,0,360,33,0,0,0),('H024',11,298,6702,373,0.2,0,82,0,0,45,1580,214,0,360,35,0,0,0),('H024',12,310,7016,397,0.22,0,84,0,0,48,1689,227,0,360,36,0,0,0),('H024',13,322,7331,421,0.24,0,87,0,0,51,1798,241,0,360,38,0,0,0),('H024',14,334,7646,445,0.26,0,90,0,0,54,1907,254,0,360,40,0,0,0),('H024',15,346,7961,469,0.28,0,93,0,0,57,2016,268,0,360,42,0,0,0),('H025',1,176,3558,144,0,0,55,0,0,0,470,80,0,350,17,0,0,0),('H025',2,186,3833,165,0.01,0,57,0,0,0,574,93,0,350,18,0,0,0),('H025',3,197,4108,186,0.02,0,60,0,0,0,678,107,0,350,20,0,0,0),('H025',4,208,4383,207,0.03,0,63,0,0,0,782,120,0,350,22,0,0,0),('H025',5,218,4658,228,0.04,0,65,0,0,0,886,134,0,350,24,0,0,0),('H025',6,229,4933,249,0.05,0,68,0,0,0,990,147,0,350,25,0,0,0),('H025',7,239,5208,270,0.06,0,70,0,0,0,1094,160,0,350,27,0,0,0),('H025',8,250,5483,291,0.07,0,73,0,0,0,1198,174,0,350,29,0,0,0),('H025',9,260,5758,312,0.08,0,76,0,0,0,1302,187,0,350,30,0,0,0),('H025',10,271,6033,333,0.09,0,79,0,0,0,1406,201,0,350,32,0,0,0),('H025',11,281,6308,354,0.1,0,81,0,0,0,1510,214,0,350,34,0,0,0),('H025',12,292,6583,375,0.11,0,84,0,0,0,1614,227,0,350,35,0,0,0),('H025',13,302,6858,396,0.12,0,87,0,0,0,1718,241,0,350,37,0,0,0),('H025',14,313,7133,417,0.13,0,89,0,0,0,1822,254,0,350,39,0,0,0),('H025',15,323,7408,438,0.14,0,92,0,0,0,1926,268,0,350,41,0,0,0),('H026',1,171,3650,163,0,0,66,0,0,0,430,80,0,380,15,0,0,0.13),('H026',2,182,4030,186,0.01,0,70,0,0,0,525,93,0,380,16,0,0,0.13),('H026',3,194,4410,210,0.02,0,75,0,0,0,620,107,0,380,18,0,0,0.13),('H026',4,205,4790,234,0.03,0,79,0,0,0,715,120,0,380,19,0,0,0.13),('H026',5,217,5170,257,0.04,0,84,0,0,0,810,134,0,380,21,0,0,0.13),('H026',6,228,5550,281,0.05,0,88,0,0,0,905,147,0,380,23,0,0,0.13),('H026',7,240,5930,305,0.06,0,93,0,0,0,1000,161,0,380,24,0,0,0.13),('H026',8,251,6310,328,0.07,0,97,0,0,0,1095,174,0,380,26,0,0,0.13),('H026',9,263,6690,352,0.08,0,102,0,0,0,1190,188,0,380,28,0,0,0.13),('H026',10,274,7070,376,0.09,0,106,0,0,0,1285,201,0,380,29,0,0,0.13),('H026',11,286,7450,400,0.1,0,111,0,0,0,1380,215,0,380,31,0,0,0.13),('H026',12,297,7830,423,0.11,0,116,0,0,0,1475,228,0,380,33,0,0,0.13),('H026',13,309,8210,447,0.12,0,120,0,0,0,1570,242,0,380,34,0,0,0.13),('H026',14,320,8590,471,0.13,0,125,0,0,0,1665,255,0,380,36,0,0,0.13),('H026',15,332,8970,494,0.14,0,129,0,0,0,1760,269,0,380,37,0,0,0.13),('H027',1,170,3661,171,0,0,65,0,0,0,420,80,0,413,15,0,0,0),('H027',2,179,4041,200,0.01,0,69,0,0,0,511,93,0,413,16,0,0,0),('H027',3,188,4421,229,0.02,0,73,0,0,0,602,107,0,413,18,0,0,0),('H027',4,197,4801,258,0.03,0,77,0,0,0,693,120,0,417,19,0,0,0),('H027',5,206,5181,287,0.04,0,811,0,0,0,784,134,0,417,21,0,0,0),('H027',6,215,5561,316,0.05,0,669,0,0,0,875,147,0,419,23,0,0,0),('H027',7,224,5941,345,0.06,0,819,0,0,0,966,161,0,420,24,0,0,0),('H027',8,233,6321,374,0.07,0,969,0,0,0,1057,174,0,421,26,0,0,0),('H027',9,242,6701,403,0.08,0,1119,0,0,0,1148,188,0,422,27,0,0,0),('H027',10,251,7081,432,0.09,0,1269,0,0,0,1239,201,0,423,29,0,0,0),('H027',11,260,7461,461,0.1,0,1419,0,0,0,1330,214,0,425,30,0,0,0),('H027',12,269,7841,490,0.11,0,1569,0,0,0,1421,228,0,426,32,0,0,0),('H027',13,278,8221,519,0.12,0,1719,0,0,0,1512,241,0,427,33,0,0,0),('H027',14,287,8601,548,0.13,0,1869,0,0,0,1603,255,0,428,35,0,0,0),('H027',15,296,8981,577,0.14,0,2019,0,0,0,1694,268,0,429,36,0,0,0),('H028',1,163,3438,141,0,0,54,18,0,15,490,80,0,350,18,18,0,0),('H028',2,172,3705,159,0.01,0,56,21,0,18,597,93,0,350,19,21,0,0),('H028',3,182,3972,178,0.02,0,58,24,0,21,704,107,0,350,21,24,0,0),('H028',4,192,4239,197,0.03,0,60,27,0,24,811,120,0,350,23,27,0,0),('H028',5,202,4506,216,0.04,0,62,30,0,27,918,134,0,350,25,30,0,0),('H028',6,212,4773,235,0.05,0,64,33,0,30,1025,147,0,350,27,33,0,0),('H028',7,222,5040,254,0.06,0,66,36,0,33,1132,160,0,350,29,36,0,0),('H028',8,232,5307,273,0.07,0,68,39,0,36,1239,174,0,350,31,39,0,0),('H028',9,241,5574,291,0.08,0,70,42,0,39,1346,187,0,350,32,42,0,0),('H028',10,251,5841,310,0.09,0,72,45,0,42,1453,201,0,350,34,45,0,0),('H028',11,261,6108,329,0.1,0,74,48,0,45,1560,214,0,350,36,48,0,0),('H028',12,271,6375,348,0.11,0,76,51,0,48,1667,228,0,350,38,51,0,0),('H028',13,281,6642,367,0.12,0,78,54,0,51,1774,241,0,350,40,54,0,0),('H028',14,290,6909,385,0.13,0,80,57,0,54,1881,255,0,350,41,57,0,0),('H028',15,300,7176,404,0.14,0,82,60,0,57,1988,268,0,350,43,60,0,0),('H029',1,180,3500,142,0,0,58,18,0,15,0,80,0,390,0,18,0,0),('H029',2,195,3840,166,0.01,0,61,21,0,18,0,93,0,390,0,21,0,0),('H029',3,210,4180,191,0.02,0,64,24,0,21,0,107,0,390,0,24,0,0),('H029',4,225,4520,216,0.03,0,67,27,0,24,0,120,0,390,0,27,0,0),('H029',5,240,4860,240,0.04,0,70,30,0,27,0,134,0,390,0,27,0,0),('H029',6,255,5200,265,0.05,0,73,33,0,30,0,148,0,390,0,31,0,0),('H029',7,270,5540,290,0.06,0,76,36,0,33,0,161,0,390,0,33,0,0),('H029',8,285,5880,314,0.07,0,79,39,0,36,0,175,0,390,0,36,0,0),('H029',9,300,6220,339,0.08,0,82,42,0,39,0,188,0,390,0,38,0,0),('H029',10,315,6560,364,0.09,0,85,45,0,42,0,202,0,390,0,41,0,0),('H029',11,330,6900,388,0.1,0,88,48,0,45,0,215,0,390,0,43,0,0),('H029',12,345,7240,413,0.11,0,91,51,0,48,0,229,0,390,0,45,0,0),('H029',13,360,7580,437,0.12,0,94,54,0,51,0,242,0,390,0,48,0,0),('H029',14,375,7920,462,0.13,0,97,57,0,54,0,256,0,390,0,50,0,0),('H029',15,390,8260,487,0.14,0,100,60,0,57,0,269,0,390,0,53,0,0),('H030',1,170,3672,138,0,0,61,18,0,0,0,80,0,380,0,18,0,0),('H030',2,182,4007,161,0.01,0,64,21,0,0,0,93,0,380,0,21,0,0),('H030',3,194,4342,185,0.01,0,67,24,0,0,0,107,0,380,0,24,0,0),('H030',4,207,4678,209,0.02,0,70,27,0,0,0,120,0,380,0,27,0,0),('H030',5,219,5013,233,0.02,0,73,30,0,0,0,134,0,380,0,30,0,0),('H030',6,232,5349,257,0.03,0,76,33,0,0,0,147,0,380,0,33,0,0),('H030',7,244,5684,281,0.03,0,79,36,0,0,0,160,0,380,0,36,0,0),('H030',8,256,6019,305,0.04,0,82,39,0,0,0,174,0,380,0,39,0,0),('H030',9,269,6355,328,0.04,0,85,42,0,0,0,187,0,380,0,42,0,0),('H030',10,281,6690,352,0.05,0,88,45,0,0,0,201,0,380,0,45,0,0),('H030',11,294,7025,376,0.05,0,91,48,0,0,0,214,0,380,0,48,0,0),('H030',12,306,7361,400,0.06,0,94,51,0,0,0,228,0,380,0,51,0,0),('H030',13,318,7696,424,0.06,0,97,54,0,0,0,241,0,380,0,54,0,0),('H030',14,331,8031,447,0.07,0,100,57,0,0,0,255,0,380,0,57,0,0),('H030',15,343,8366,471,0.07,0,103,60,0,0,0,268,0,380,0,60,0,0),('H031',1,198,3268,139,0,0,59,0,0,27,450,80,0,390,16,0,0,0),('H031',2,213,3518,161,0.03,0,61,0,0,30,547,93,0,390,17,0,0,0),('H031',3,228,3678,183,0.06,0,63,0,0,33,644,107,0,390,19,0,0,0),('H031',4,243,4018,205,0.09,0,65,0,0,36,741,120,0,390,20,0,0,0),('H031',5,258,4223,227,0.12,0,67,0,0,39,838,134,0,390,22,0,0,0),('H031',6,273,4464,249,0.15,0,69,0,0,42,935,147,0,390,23,0,0,0),('H031',7,288,4705,271,0.18,0,71,0,0,45,1032,161,0,390,25,0,0,0),('H031',8,303,4946,293,0.21,0,73,0,0,48,1129,174,0,390,26,0,0,0),('H031',9,318,5187,315,0.24,0,75,0,0,51,1226,188,0,390,28,0,0,0),('H031',10,333,5428,337,0.27,0,77,0,0,54,1323,201,0,390,29,0,0,0),('H031',11,348,5669,359,0.3,0,79,0,0,57,1420,214,0,390,30,0,0,0),('H031',12,363,5910,381,0.33,0,81,0,0,60,1517,228,0,390,32,0,0,0),('H031',13,378,6151,403,0.36,0,83,0,0,63,1614,241,0,390,33,0,0,0),('H031',14,393,6392,425,0.39,0,85,0,0,66,1711,255,0,390,35,0,0,0),('H031',15,408,6633,447,0.42,0,87,0,0,69,1808,268,0,390,36,0,0,0),('H032',1,186,3720,146,0,0,61,0,0,27,430,80,0,390,16,0,0,0),('H032',2,199,4055,171,0.03,0,64,0,0,30,526,93,0,390,17,0,0,0),('H032',3,213,4390,197,0.06,0,67,0,0,33,622,107,0,390,19,0,0,0),('H032',4,226,4726,222,0.09,0,70,0,0,36,718,120,0,390,21,0,0,0),('H032',5,240,5061,248,0.12,0,73,0,0,39,814,134,0,390,22,0,0,0),('H032',6,253,5397,274,0.15,0,76,0,0,42,910,147,0,390,24,0,0,0),('H032',7,267,5733,300,0.18,0,79,0,0,45,1006,161,0,390,26,0,0,0),('H032',8,281,6068,325,0.21,0,82,0,0,48,1102,175,0,390,28,0,0,0),('H032',9,294,6403,351,0.24,0,85,0,0,51,1198,188,0,390,29,0,0,0),('H032',10,307,6739,377,0.27,0,88,0,0,54,1294,201,0,390,31,0,0,0),('H032',11,321,7074,402,0.3,0,91,0,0,57,1390,215,0,390,33,0,0,0),('H032',12,334,7410,428,0.33,0,94,0,0,60,1486,228,0,390,34,0,0,0),('H032',13,348,7745,453,0.36,0,97,0,0,63,1582,242,0,390,36,0,0,0),('H032',14,361,8080,479,0.39,0,100,0,0,66,1678,255,0,390,37,0,0,0),('H032',15,375,8416,505,0.42,0,103,0,0,69,1774,269,0,390,39,0,0,0),('H033',1,183,3371,148,0,0,62,18,0,15,450,62,0,380,16,18,0,0),('H033',2,196,3692,171,0.01,0,65,21,0,18,549,65,0,380,17,21,0,0),('H033',3,209,4013,194,0.04,0,68,24,0,21,648,68,0,380,19,24,0,0),('H033',4,222,4334,217,0.06,0,72,27,0,24,747,72,0,380,21,27,0,0),('H033',5,235,4655,240,0.08,0,75,30,0,27,846,75,0,380,22,30,0,0),('H033',6,249,4976,263,0.1,0,78,33,0,30,945,78,0,380,24,33,0,0),('H033',7,262,5297,286,0.12,0,82,36,0,33,1044,82,0,380,26,36,0,0),('H033',8,275,5618,309,0.14,0,85,39,0,36,1143,85,0,380,28,39,0,0),('H033',9,288,5939,332,0.16,0,88,42,0,39,1242,88,0,380,29,42,0,0),('H033',10,302,6260,355,0.18,0,92,45,0,42,1341,92,0,380,31,45,0,0),('H033',11,315,6581,378,0.2,0,95,48,0,45,1440,95,0,380,33,48,0,0),('H033',12,328,6902,401,0.23,0,98,51,0,48,1539,98,0,380,34,51,0,0),('H033',13,341,7223,424,0.25,0,101,54,0,51,1638,101,0,380,36,54,0,0),('H033',14,354,7544,447,0.27,0,105,57,0,54,1737,105,0,380,37,57,0,0),('H033',15,367,7865,470,0.29,0,108,60,0,57,1836,108,0,380,39,60,0,0),('H034',1,179,3431,134,0,0,48,0,0,12,440,80,0,360,15,0,0,0),('H034',2,194,3685,153,0.03,0,50,0,0,12,533,93,0,360,16,0,0,0),('H034',3,210,3939,172,0.06,0,52,0,0,12,626,107,0,360,18,0,0,0),('H034',4,226,4193,191,0.09,0,54,0,0,12,719,120,0,360,19,0,0,0),('H034',5,242,4447,211,0.12,0,56,0,0,12,812,134,0,360,21,0,0,0),('H034',6,258,4701,230,0.15,0,58,0,0,12,905,147,0,360,22,0,0,0),('H034',7,274,4955,249,0.18,0,60,0,0,12,998,161,0,360,24,0,0,0),('H034',8,290,5209,269,0.21,0,62,0,0,12,1091,175,0,360,26,0,0,0),('H034',9,306,5463,288,0.24,0,64,0,0,12,1184,188,0,360,27,0,0,0),('H034',10,322,5717,307,0.27,0,66,0,0,12,1277,201,0,360,28,0,0,0),('H034',11,338,5971,327,0.3,0,68,0,0,12,1370,215,0,360,30,0,0,0),('H034',12,353,6225,346,0.33,0,70,0,0,12,1463,228,0,360,31,0,0,0),('H034',13,369,6479,365,0.36,0,72,0,0,12,1556,242,0,360,33,0,0,0),('H034',14,385,6733,384,0.39,0,74,0,0,12,1649,255,0,360,34,0,0,0),('H034',15,401,6987,404,0.42,0,76,0,0,12,1742,269,0,360,36,0,0,0),('H035',1,194,3377,140,0,0,49,0,0,15,440,80,0,370,15,0,0,0),('H035',2,211,3640,160,0.03,0,51,0,0,18,533,93,0,370,16,0,0,0),('H035',3,228,3903,180,0.06,0,53,0,0,21,626,107,0,370,18,0,0,0),('H035',4,245,4166,200,0.09,0,55,0,0,24,719,120,0,370,19,0,0,0),('H035',5,262,4429,221,0.12,0,57,0,0,27,812,134,0,370,21,0,0,0),('H035',6,279,4962,241,0.15,0,59,0,0,30,905,147,0,370,22,0,0,0),('H035',7,296,4955,261,0.18,0,61,0,0,33,998,161,0,370,24,0,0,0),('H035',8,313,5218,282,0.21,0,63,0,0,36,1091,174,0,370,25,0,0,0),('H035',9,330,5481,302,0.24,0,65,0,0,39,1184,188,0,370,27,0,0,0),('H035',10,347,5744,322,0.27,0,68,0,0,42,1277,201,0,370,28,0,0,0),('H035',11,364,6007,343,0.3,0,70,0,0,45,1370,215,0,370,30,0,0,0),('H035',12,381,6270,363,0.33,0,72,0,0,48,1463,228,0,370,31,0,0,0),('H035',13,398,6533,383,0.36,0,74,0,0,51,1556,242,0,370,33,0,0,0),('H035',14,415,6796,403,0.39,0,76,0,0,54,1649,255,0,370,34,0,0,0),('H035',15,432,7059,424,0.42,0,78,0,0,57,1742,269,0,370,36,0,0,0),('H036',1,154,3567,140,0,0,59,0,0,0,420,80,0,380,15,0,0,0),('H036',2,163,3874,165,0.01,0,61,0,0,0,510,93,0,380,16,0,0,0),('H036',3,172,4181,190,0.02,0,64,0,0,0,600,107,0,380,17,0,0,0),('H036',4,181,4488,215,0.03,0,67,0,0,0,690,120,0,380,19,0,0,0),('H036',5,191,4796,240,0.04,0,69,0,0,0,780,134,0,380,20,0,0,0),('H036',6,200,5103,265,0.05,0,72,0,0,0,870,147,0,380,22,0,0,0),('H036',7,209,5410,290,0.06,0,75,0,0,0,960,161,0,380,23,0,0,0),('H036',8,218,5717,315,0.07,0,78,0,0,0,1050,175,0,380,24,0,0,0),('H036',9,227,6024,340,0.08,0,80,0,0,0,1140,188,0,380,25,0,0,0),('H036',10,236,6331,365,0.09,0,83,0,0,0,1230,201,0,380,27,0,0,0),('H036',11,246,6639,390,0.1,0,86,0,0,0,1320,215,0,380,28,0,0,0),('H036',12,255,6946,415,0.11,0,88,0,0,0,1410,228,0,380,30,0,0,0),('H036',13,264,7253,440,0.12,0,91,0,0,0,1500,242,0,380,31,0,0,0),('H036',14,273,7560,465,0.13,0,93,0,0,0,1590,255,0,380,32,0,0,0),('H036',15,282,7867,490,0.14,0,96,0,0,0,1680,269,0,380,34,0,0,0),('H037',1,183,3617,130,0,0,60,0,0,27,450,80,0,370,15,0,0,0),('H037',2,198,3929,155,0.02,0,62,0,0,30,545,93,0,370,16,0,0,0),('H037',3,213,4242,181,0.04,0,65,0,0,33,640,107,0,370,18,0,0,0),('H037',4,228,4554,207,0.06,0,68,0,0,36,735,120,0,370,19,0,0,0),('H037',5,243,4867,232,0.08,0,71,0,0,39,830,134,0,370,21,0,0,0),('H037',6,258,5179,258,0.1,0,74,0,0,42,925,147,0,370,22,0,0,0),('H037',7,273,5492,284,0.12,0,77,0,0,45,1020,161,0,370,24,0,0,0),('H037',8,288,5805,310,0.14,0,80,0,0,48,1115,175,0,370,26,0,0,0),('H037',9,303,6117,335,0.16,0,83,0,0,51,1210,188,0,370,27,0,0,0),('H037',10,318,6429,361,0.18,0,86,0,0,54,1305,201,0,370,28,0,0,0),('H037',11,333,6742,387,0.2,0,89,0,0,57,1400,215,0,370,30,0,0,0),('H037',12,348,7054,412,0.22,0,91,0,0,60,1495,228,0,370,31,0,0,0),('H037',13,363,7367,438,0.24,0,94,0,0,63,1590,242,0,370,33,0,0,0),('H037',14,378,7679,463,0.26,0,97,0,0,66,1685,255,0,370,34,0,0,0),('H037',15,393,7992,489,0.28,0,100,0,0,69,1780,269,0,370,36,0,0,0),('H038',1,128,3438,118,0,0,44,0,0,12,490,80,0,360,18,0,0,0),('H038',2,135,3702,136,0.01,0,45,0,0,12,597,93,0,360,19,0,0,0),('H038',3,143,3966,155,0.02,0,47,0,0,12,704,107,0,360,21,0,0,0),('H038',4,150,4230,174,0.03,0,49,0,0,12,811,120,0,360,23,0,0,0),('H038',5,158,4494,193,0.04,0,50,0,0,12,918,134,0,360,25,0,0,0),('H038',6,165,4758,212,0.05,0,52,0,0,12,1025,148,0,360,27,0,0,0),('H038',7,172,5022,231,0.06,0,54,0,0,12,1132,161,0,360,29,0,0,0),('H038',8,180,5286,250,0.07,0,55,0,0,12,1239,175,0,360,31,0,0,0),('H038',9,187,5550,268,0.08,0,57,0,0,12,1346,188,0,360,32,0,0,0),('H038',10,195,5814,287,0.09,0,59,0,0,12,1453,202,0,360,34,0,0,0),('H038',11,202,6078,306,0.1,0,60,0,0,12,1560,215,0,360,36,0,0,0),('H038',12,210,6342,325,0.11,0,62,0,0,12,1667,229,0,360,38,0,0,0),('H038',13,217,6606,344,0.12,0,63,0,0,12,1774,242,0,360,40,0,0,0),('H038',14,225,6870,362,0.13,0,65,0,0,12,1881,256,0,360,41,0,0,0),('H038',15,232,7134,381,0.14,0,67,0,0,12,1988,269,0,360,43,0,0,0),('H039',1,191,3400,141,0,0,48,0,0,27,440,80,0,350,15,0,0,0),('H039',2,206,3632,161,0.03,0,50,0,0,30,533,93,0,350,16,0,0,0),('H039',3,222,3864,182,0.06,0,52,0,0,33,626,107,0,350,18,0,0,0),('H039',4,237,4096,202,0.09,0,54,0,0,36,719,120,0,350,19,0,0,0),('H039',5,253,4328,223,0.12,0,56,0,0,39,812,134,0,350,21,0,0,0),('H039',6,268,4560,243,0.15,0,58,0,0,42,905,147,0,350,22,0,0,0),('H039',7,283,4792,263,0.18,0,60,0,0,45,998,160,0,350,23,0,0,0),('H039',8,299,5024,284,0.21,0,62,0,0,48,1091,174,0,350,25,0,0,0),('H039',9,314,5256,304,0.24,0,64,0,0,51,1184,187,0,350,26,0,0,0),('H039',10,329,5488,324,0.27,0,66,0,0,54,1277,200,0,350,27,0,0,0),('H039',11,345,5721,345,0.3,0,68,0,0,57,1370,214,0,350,29,0,0,0),('H039',12,361,5953,365,0.33,0,70,0,0,60,1463,227,0,350,30,0,0,0),('H039',13,377,6185,386,0.36,0,72,0,0,63,1556,241,0,350,32,0,0,0),('H039',14,392,6417,406,0.39,0,74,0,0,66,1649,254,0,350,33,0,0,0),('H039',15,408,6649,427,0.42,0,76,0,0,69,1742,268,0,350,35,0,0,0),('H040',1,183,3350,132,0,0,56,18,0,12,0,80,0,350,0,18,0,0),('H040',2,196,3585,153,0.04,0,58,21,0,12,0,93,0,350,0,21,0,0),('H040',3,209,3820,175,0.07,0,60,24,0,12,0,107,0,350,0,24,0,0),('H040',4,223,4055,196,0.11,0,62,27,0,12,0,120,0,350,0,27,0,0),('H040',5,236,4290,218,0.14,0,64,30,0,12,0,134,0,350,0,30,0,0),('H040',6,250,4525,240,0.18,0,66,33,0,12,0,147,0,350,0,33,0,0),('H040',7,263,4760,261,0.21,0,68,36,0,12,0,161,0,350,0,36,0,0),('H040',8,276,4995,282,0.25,0,70,39,0,12,0,175,0,350,0,39,0,0),('H040',9,289,5230,304,0.28,0,72,42,0,12,0,188,0,350,0,42,0,0),('H040',10,303,5465,326,0.32,0,74,45,0,12,0,201,0,350,0,45,0,0),('H040',11,316,5700,347,0.35,0,76,48,0,12,0,215,0,350,0,48,0,0),('H040',12,330,5935,369,0.39,0,78,51,0,12,0,228,0,350,0,51,0,0),('H040',13,343,6170,390,0.42,0,80,54,0,12,0,242,0,350,0,54,0,0),('H040',14,356,6405,412,0.46,0,82,57,0,12,0,255,0,350,0,57,0,0),('H040',15,370,6640,434,0.49,0,84,60,0,12,0,269,0,350,0,60,0,0),('H041',1,184,3600,138,0,0,60,0,0,27,450,80,0,380,0,0,0,0),('H041',2,200,3920,161,0.03,0,62,0,0,30,547,93,0,380,0,0,0,0),('H041',3,216,4240,184,0.06,0,64,0,0,33,644,106,0,380,0,0,0,0),('H041',4,232,4560,207,0.09,0,66,0,0,36,741,120,0,380,0,0,0,0),('H041',5,248,4880,230,0.12,0,68,0,0,39,838,134,0,380,0,0,0,0),('H041',6,264,5200,253,0.15,0,70,0,0,42,935,147,0,380,0,0,0,0),('H041',7,280,5520,276,0.18,0,72,0,0,45,1032,160,0,380,0,0,0,0),('H041',8,296,5840,299,0.21,0,74,0,0,48,1129,174,0,380,0,0,0,0),('H041',9,312,6160,322,0.24,0,76,0,0,51,1226,187,0,380,0,0,0,0),('H041',10,328,6480,345,0.27,0,78,0,0,54,1323,201,0,380,0,0,0,0),('H041',11,344,6800,368,0.3,0,80,0,0,57,1420,214,0,380,0,0,0,0),('H041',12,360,7120,391,0.33,0,82,0,0,60,1517,228,0,380,0,0,0,0),('H041',13,376,7440,414,0.36,0,84,0,0,63,1614,241,0,380,0,0,0,0),('H041',14,392,7760,437,0.39,0,86,0,0,66,1711,255,0,380,0,0,0,0),('H041',15,408,8080,460,0.42,0,88,0,0,69,1808,268,0,380,0,0,0,0),('H042',1,206,3592,141,0,0,50,0,0,27,440,80,0,360,15,0,0,0),('H042',2,223,3847,161,0.03,0,51,0,0,30,535,93,0,360,16,0,0,0),('H042',3,241,4103,182,0.06,0,53,0,0,33,630,107,0,360,18,0,0,0),('H042',4,260,4359,203,0.09,0,55,0,0,36,725,120,0,360,19,0,0,0),('H042',5,273,4615,224,0.12,0,57,0,0,39,820,134,0,360,21,0,0,0),('H042',6,297,4781,245,0.15,0,59,0,0,42,915,147,0,360,22,0,0,0),('H042',7,314,5126,226,0.18,0,61,0,0,45,1010,161,0,360,24,0,0,0),('H042',8,332,5382,287,0.21,0,63,0,0,48,1105,174,0,360,26,0,0,0),('H042',9,351,5638,308,0.24,0,65,0,0,51,1200,188,0,360,27,0,0,0),('H042',10,369,5894,329,0.27,0,67,0,0,54,1295,201,0,360,29,0,0,0),('H042',11,355,6150,350,0.3,0,68,0,0,57,1390,215,0,360,30,0,0,0),('H042',12,405,6405,370,0.33,0,70,0,0,60,1485,228,0,360,32,0,0,0),('H042',13,423,6661,391,0.36,0,72,0,0,63,1580,242,0,360,34,0,0,0),('H042',14,441,6917,412,0.39,0,74,0,0,66,1675,255,0,360,35,0,0,0),('H042',15,460,7173,433,0.42,0,76,0,0,69,1770,169,0,360,37,0,0,0),('H043',1,181,3592,141,0,0,50,18,0,12,440,80,0,360,15,18,0,0),('H043',2,195,3833,161,0.03,0,51,21,0,15,535,93,0,360,16,21,0,0),('H043',3,210,4074,182,0.06,0,53,24,0,12,630,107,0,360,18,24,0,0),('H043',4,225,4315,203,0.09,0,55,27,0,12,725,120,0,360,19,27,0,0),('H043',5,240,4557,224,0.12,0,57,30,0,12,820,134,0,360,21,30,0,0),('H043',6,255,4798,245,0.15,0,59,33,0,12,915,147,0,360,22,33,0,0),('H043',7,269,5039,266,0.18,0,61,36,0,12,1010,161,0,360,24,36,0,0),('H043',8,284,5280,287,0.21,0,63,39,0,12,1105,174,0,360,26,39,0,0),('H043',9,299,5522,308,0.24,0,65,42,0,12,1200,188,0,360,27,42,0,0),('H043',10,314,5763,329,0.27,0,67,45,0,12,1295,201,0,360,29,45,0,0),('H043',11,329,6005,350,0.3,0,68,48,0,12,1390,215,0,360,30,48,0,0),('H043',12,343,6246,370,0.33,0,70,51,0,12,1485,228,0,360,32,51,0,0),('H043',13,358,6487,391,0.36,0,72,54,0,12,1580,242,0,360,34,54,0,0),('H043',14,373,6728,412,0.39,0,74,57,0,12,1675,225,0,360,35,57,0,0),('H043',15,388,6970,433,0.42,0,76,60,0,12,1770,269,0,360,37,60,0,0),('H044',1,157,3835,166,0,0,68,0,0,0,420,80,0,380,15,0,0,0),('H044',2,169,4215,195,0.01,0,72,0,0,0,511,93,0,380,16,0,0,0),('H044',3,182,4595,224,0.02,0,77,0,0,0,602,107,0,380,18,0,0,0),('H044',4,195,4975,253,0.03,0,81,0,0,0,693,120,0,380,19,0,0,0),('H044',5,207,5355,282,0.04,0,86,0,0,0,784,134,0,380,21,0,0,0),('H044',6,220,5735,311,0.05,0,91,0,0,0,875,148,0,380,22,0,0,0),('H044',7,233,6115,340,0.06,0,95,0,0,0,966,161,0,380,24,0,0,0),('H044',8,245,6495,369,0.07,0,100,0,0,0,1057,175,0,380,25,0,0,0),('H044',9,258,6875,398,0.08,0,104,0,0,0,1148,188,0,380,27,0,0,0),('H044',10,271,7255,427,0.09,0,109,0,0,0,1239,202,0,380,28,0,0,0),('H044',11,283,7635,456,0.1,0,113,0,0,0,1330,215,0,380,29,0,0,0),('H044',12,296,8015,485,0.11,0,118,0,0,0,1421,229,0,380,31,0,0,0),('H044',13,308,8395,514,0.12,0,122,0,0,0,1512,242,0,380,32,0,0,0),('H044',14,321,8775,543,0.13,0,127,0,0,0,1603,256,0,380,34,0,0,0),('H044',15,334,9155,572,0.14,0,131,0,0,0,1694,269,0,380,35,0,0,0),('H045',1,180,3579,132,0,0,56,18,0,15,490,80,0,432,18,18,0,0),('H045',2,190,3846,152,0.01,0,58,21,0,18,599,93,0,432,19,19,0,0),('H045',3,201,4113,173,0.02,0,60,24,0,21,708,107,0,432,21,24,0,0),('H045',4,212,4380,194,0.03,0,62,27,0,24,817,120,0,432,23,27,0,0),('H045',5,223,4647,214,0.04,0,64,30,0,27,926,134,0,432,25,30,0,0),('H045',6,234,4914,235,0.05,0,66,33,0,30,1035,147,0,432,27,33,0,0),('H045',7,245,5181,256,0.06,0,68,36,0,33,1144,160,0,432,29,36,0,0),('H045',8,256,5448,276,0.07,0,70,39,0,36,1253,174,0,432,31,39,0,0),('H045',9,266,5715,297,0.08,0,72,42,0,39,1362,187,0,432,32,42,0,0),('H045',10,277,5982,318,0.09,0,74,45,0,42,1471,201,0,432,34,46,0,0),('H045',11,288,6249,338,0.1,0,76,48,0,45,1580,214,0,432,36,49,0,0),('H045',12,299,6516,359,0.11,0,78,51,0,48,1689,228,0,432,38,52,0,0),('H045',13,310,6783,379,0.12,0,80,54,0,51,1798,241,0,432,40,55,0,0),('H045',14,320,7050,400,0.13,0,82,57,0,54,1907,255,0,432,41,58,0,0),('H045',15,331,7317,421,0.14,0,84,60,0,57,2016,268,0,432,43,62,0,0),('H046',1,175,3391,133,0,0,53,18,0,15,490,80,0,360,16,18,0,0),('H046',2,186,3637,153,0.01,0,55,21,0,18,598,93,0,360,19,21,0,0),('H046',3,197,3884,174,0.02,0,57,24,0,21,706,107,0,360,21,24,0,0),('H046',4,209,4131,195,0.03,0,59,27,0,24,814,120,0,360,23,27,0,0),('H046',5,220,4377,216,0.04,0,61,30,0,27,922,134,0,360,25,30,0,0),('H046',6,232,4624,237,0.05,0,63,33,0,30,1030,147,0,360,27,33,0,0),('H046',7,243,4871,258,0.06,0,65,36,0,33,1138,160,0,360,29,36,0,0),('H046',8,254,5117,279,0.07,0,67,39,0,36,1246,174,0,360,31,39,0,0),('H046',9,266,5364,299,0.08,0,69,42,0,39,1354,187,0,360,34,42,0,0),('H046',10,277,5611,320,0.09,0,71,45,0,42,1462,201,0,360,36,45,0,0),('H046',11,288,5857,341,0.1,0,73,48,0,45,1570,214,0,360,38,48,0,0),('H046',12,300,6104,362,0.11,0,75,51,0,48,1678,228,0,360,40,51,0,0),('H046',13,311,6350,383,0.12,0,77,54,0,51,1786,241,0,360,42,54,0,0),('H046',14,322,6597,403,0.13,0,79,57,0,54,1894,255,0,360,45,57,0,0),('H046',15,333,6844,424,0.14,0,81,60,0,57,2002,268,0,360,47,60,0,0),('H047',1,186,3678,148,0,0,66,0,0,15,420,80,0,380,15,0,0,0),('H047',2,197,4028,173,0.02,0,70,0,0,18,513,93,0,380,16,0,0,0),('H047',3,209,4318,198,0.04,0,74,0,0,21,606,107,0,380,18,0,0,0),('H047',4,220,4728,223,0.06,0,78,0,0,24,699,120,0,380,19,0,0,0),('H047',5,232,5078,248,0.08,0,82,0,0,27,792,134,0,380,21,0,0,0),('H047',6,243,5428,273,0.1,0,87,0,0,30,855,147,0,380,23,0,0,0),('H047',7,255,5778,298,0.12,0,91,0,0,33,978,161,0,380,24,0,0,0),('H047',8,266,6128,323,0.14,0,95,0,0,36,1071,174,0,380,26,0,0,0),('H047',9,278,6478,348,0.16,0,99,0,0,39,1664,188,0,380,27,0,0,0),('H047',10,289,6828,373,0.18,0,104,0,0,42,1257,201,0,380,29,0,0,0),('H047',11,301,7178,398,0.2,0,108,0,0,45,1350,215,0,380,31,0,0,0),('H047',12,312,7528,423,0.22,0,112,0,0,48,1443,228,0,380,32,0,0,0),('H047',13,324,7878,448,0.24,0,116,0,0,51,1536,242,0,380,34,0,0,0),('H047',14,335,8228,473,0.26,0,120,0,0,54,1628,255,0,380,36,0,0,0),('H047',15,347,8578,498,0.28,0,125,0,0,57,1722,269,0,380,37,0,0,0),('H048',1,163,3858,165,0,0,67,0,0,0,420,80,0,370,15,0,0,0),('H048',2,171,4238,194,0.01,0,71,0,0,0,512,93,0,370,16,0,0,0),('H048',3,180,4618,224,0.02,0,76,0,0,0,604,107,0,370,18,0,0,0),('H048',4,189,4998,254,0.03,0,81,0,0,0,696,120,0,370,19,0,0,0),('H048',5,198,5378,284,0.04,0,86,0,0,0,788,134,0,370,21,0,0,0),('H048',6,207,5758,314,0.05,0,91,0,0,0,880,148,0,370,23,0,0,0),('H048',7,216,6138,344,0.06,0,96,0,0,0,972,161,0,370,24,0,0,0),('H048',8,225,6518,374,0.07,0,101,0,0,0,1064,175,0,370,26,0,0,0),('H048',9,233,6898,403,0.08,0,105,0,0,0,1156,188,0,370,27,0,0,0),('H048',10,242,7278,433,0.09,0,110,0,0,0,1248,202,0,370,29,0,0,0),('H048',11,251,7658,463,0.1,0,115,0,0,0,1340,215,0,370,30,0,0,0),('H048',12,260,8038,493,0.11,0,120,0,0,0,1432,229,0,370,32,0,0,0),('H048',13,269,8418,523,0.12,0,125,0,0,0,1524,242,0,370,33,0,0,0),('H048',14,277,8798,552,0.13,0,129,0,0,0,1616,256,0,370,35,0,0,0),('H048',15,286,9178,582,0.14,0,134,0,0,0,1708,269,0,370,36,0,0,0),('H049',1,180,3565,135,0,0,50,0,0,12,440,80,0,350,15,0,0,0),('H049',2,197,3828,156,0.03,0,52,0,0,12,534,93,0,350,16,0,0,0),('H049',3,214,4092,178,0.06,0,54,0,0,12,628,107,0,350,18,0,0,0),('H049',4,231,4355,200,0.09,0,56,0,0,12,722,120,0,350,19,0,0,0),('H049',5,248,4619,222,0.12,0,58,0,0,12,816,134,0,350,21,0,0,0),('H049',6,265,4882,224,0.15,0,60,0,0,12,910,147,0,350,22,0,0,0),('H049',7,282,5146,226,0.18,0,62,0,0,12,1004,161,0,350,24,0,0,0),('H049',8,299,5409,288,0.21,0,64,0,0,12,1098,174,0,350,25,0,0,0),('H049',9,316,5673,310,0.24,0,67,0,0,12,1192,188,0,350,27,0,0,0),('H049',10,333,5936,332,0.27,0,69,0,0,12,1286,201,0,350,28,0,0,0),('H049',11,351,6200,354,0.3,0,71,0,0,12,1380,215,0,350,30,0,0,0),('H049',12,368,6463,375,0.33,0,73,0,0,12,1474,228,0,350,32,0,0,0),('H049',13,385,6727,397,0.36,0,75,0,0,12,1568,242,0,350,33,0,0,0),('H049',14,402,6990,419,0.39,0,77,0,0,12,1662,255,0,350,35,0,0,0),('H049',15,419,7254,441,0.42,0,79,0,0,12,1756,269,0,350,36,0,0,0),('H050',1,173,3358,137,0,0,54,18,0,12,490,80,0,360,17,18,0,0),('H050',2,182,3617,155,0.01,0,55,21,0,12,595,93,0,360,18,21,0,0),('H050',3,191,3876,174,0.02,0,57,24,0,12,700,107,0,360,20,24,0,0),('H050',4,201,4136,193,0.03,0,59,27,0,12,805,120,0,360,22,27,0,0),('H050',5,210,4395,212,0.04,0,61,30,0,12,910,134,0,360,24,30,0,0),('H050',6,220,4655,231,0.05,0,63,33,0,12,1015,147.3,0,360,25,33,0,0),('H050',7,229,4914,250,0.06,0,65,36,0,12,1120,160.8,0,360,27,36,0,0),('H050',8,238,5173,269,0.07,0,67,39,0,12,1225,174.3,0,360,29,39,0,0),('H050',9,248,5433,287,0.08,0,68,42,0,12,1330,187.8,0,360,31,42,0,0),('H050',10,257,5692,306,0.09,0,70,45,0,12,1435,201.3,0,360,32,45,0,0),('H050',11,266,5951,325,0.1,0,72,48,0,12,1540,214.8,0,360,34,48,0,0),('H050',12,276,6211,344,0.11,0,74,51,0,12,1645,228.3,0,360,36,51,0,0),('H050',13,285,6470,363,0.12,0,76,54,0,12,1750,241.8,0,360,38,54,0,0),('H050',14,294,6729,381,0.13,0,77,57,0,12,1855,255.3,0,360,40,57,0,0),('H050',15,303,6988,400,0.14,0,79,60,0,12,1960,268.8,0,360,41,60,0,0),('H051',1,183,3617,136,0,0,60,18,0,15,430,80,0,380,15,18,0,0),('H051',2,199,3929,161,0.02,0,92,21,0,18,525,93,0,380,16,21,0,0),('H051',3,216,4242,187,0.04,0,65,24,0,21,620,107,0,380,18,24,0,0),('H051',4,233,4554,213,0.06,0,68,27,0,24,715,120,0,380,19,27,0,0),('H051',5,250,4867,238,0.08,0,71,30,0,27,810,134,0,380,21,30,0,0),('H051',6,267,5179,264,0.1,0,74,33,0,30,905,147,0,380,23,33,0,0),('H051',7,283,5492,290,0.12,0,77,36,0,33,1000,161,0,380,24,36,0,0),('H051',8,300,5804,315,0.14,0,79,39,0,36,1095,174,0,380,26,39,0,0),('H051',9,317,6117,341,0.16,0,82,42,0,39,1190,188,0,380,28,42,0,0),('H051',10,334,6429,367,0.18,0,85,45,0,42,1285,201,0,380,29,45,0,0),('H051',11,351,6742,393,0.2,0,88,48,0,45,1380,215,0,380,31,48,0,0),('H051',12,367,7054,418,0.22,0,91,51,0,48,1475,228,0,380,33,51,0,0),('H051',13,384,7367,444,0.24,0,94,54,0,51,1570,242,0,380,34,54,0,0),('H051',14,401,7679,470,0.26,0,97,57,0,54,1665,255,0,380,36,57,0,0),('H051',15,418,7992,495,0.28,0,99,60,0,57,1760,269,0,380,37,60,0,0),('H052',1,190,3288,133,0,0,55,0,0,27,430,80,0,380,15,0,0,0),('H052',2,207,3548,153,0.02,0,57,0,0,30,521,93,0,380,16,0,0,0),('H052',3,224,3803,173,0.04,0,59,0,0,33,612,107,0,380,18,0,0,0),('H052',4,241,4068,193,0.06,0,61,0,0,36,703,120,0,380,19,0,0,0),('H052',5,259,4328,213,0.08,0,63,0,0,39,794,134,0,380,21,0,0,0),('H052',6,276,4588,233,0.1,0,65,0,0,42,885,147,0,380,22,0,0,0),('H052',7,293,4848,253,0.12,0,68,0,0,45,976,161,0,380,24,0,0,0),('H052',8,311,5108,273,0.14,0,70,0,0,48,1067,174,0,380,25,0,0,0),('H052',9,328,5368,293,0.16,0,72,0,0,51,1158,188,0,380,27,0,0,0),('H052',10,345,5628,313,0.18,0,74,0,0,54,1249,201,0,380,28,0,0,0),('H052',11,363,5888,333,0.2,0,76,0,0,57,1340,215,0,380,30,0,0,0),('H052',12,380,6148,353,0.22,0,79,0,0,60,1431,288,0,380,31,0,0,0),('H052',13,397,6408,373,0.24,0,81,0,0,63,1522,242,0,380,33,0,0,0),('H052',14,414,6668,393,0.26,0,83,0,0,66,1613,255,0,380,34,0,0,0),('H052',15,432,6928,413,0.28,0,85,0,0,69,1704,269,0,380,36,0,0,0),('H053',1,158,3850,150,0,0,70,0,0,0,490,80,0,360,17,0,0,0.13),('H053',2,166,4185,175,0.01,0,73,0,0,0,597,93,0,360,18,0,0,0.13),('H053',3,174,4521,200,0.02,0,76,0,0,0,704,107,0,360,20,0,0,0.13),('H053',4,182,4856,225,0.03,0,79,0,0,0,811,120,0,360,22,0,0,0.13),('H053',5,191,5192,250,0.04,0,82,0,0,0,918,134,0,360,24,0,0,0.13),('H053',6,199,5527,275,0.05,0,85,0,0,0,1025,147,0,360,26,0,0,0.13),('H053',7,207,5862,300,0.06,0,88,0,0,0,1132,160,0,360,28,0,0,0.13),('H053',8,216,6198,325,0.07,0,91,0,0,0,1239,174,0,360,30,0,0,0.13),('H053',9,224,6533,350,0.08,0,94,0,0,0,1346,187,0,360,31,0,0,0.13),('H053',10,232,6869,375,0.09,0,97,0,0,0,1453,201,0,360,33,0,0,0.13),('H053',11,240,7204,400,0.1,0,100,0,0,0,1560,214,0,360,35,0,0,0.13),('H053',12,248,7540,425,0.11,0,103,0,0,0,1667,228,0,360,37,0,0,0.13),('H053',13,257,7875,450,0.12,0,106,0,0,0,1774,241,0,360,39,0,0,0.13),('H053',14,265,8211,475,0.13,0,109,0,0,0,1881,255,0,360,40,0,0,0.13),('H053',15,273,8546,500,0.14,0,112,0,0,0,1988,268,0,360,42,0,0,0.13),('H054',1,160,3650,145,0,0,60,0,0,0,420,80,0,380,14,0,0,0),('H054',2,172,4010,170,0.02,0,63,0,0,0,509,93,0,380,15,0,0,0),('H054',3,184,4370,195,0.04,0,66,0,0,0,598,107,0,380,16,0,0,0),('H054',4,196,4730,220,0.06,0,69,0,0,0,687,120,0,380,18,0,0,0),('H054',5,208,5090,245,0.08,0,72,0,0,0,776,134,0,380,19,0,0,0),('H054',6,220,5450,270,0.1,0,75,0,0,0,865,147,0,380,20,0,0,0),('H054',7,232,5810,295,0.12,0,78,0,0,0,954,160,0,380,22,0,0,0),('H054',8,244,6170,320,0.14,0,81,0,0,0,1043,174,0,380,23,0,0,0),('H054',9,256,6530,345,0.16,0,84,0,0,0,1132,187,0,380,24,0,0,0),('H054',10,268,6890,370,0.18,0,87,0,0,0,1221,201,0,380,26,0,0,0),('H054',11,280,7250,395,0.2,0,90,0,0,0,1310,214,0,380,27,0,0,0),('H054',12,292,7610,420,0.22,0,93,0,0,0,1399,227,0,380,28,0,0,0),('H054',13,304,7970,445,0.24,0,96,0,0,0,1488,241,0,380,29,0,0,0),('H054',14,316,8330,470,0.26,0,99,0,0,0,1577,254,0,380,31,0,0,0),('H054',15,328,8690,495,0.28,0,102,0,0,0,1666,268,0,380,32,0,0,0),('H055',1,169,3357,133,0,0,51,18,0,12,440,80,0,360,15,18,0,0),('H055',2,185,3616,154,0.3,0,53,21,0,12,535,93,0,360,16,21,0,0),('H055',3,202,3875,176,0.6,0,55,24,0,12,630,107,0,360,18,24,0,0),('H055',4,219,4134,197,0.9,0,57,27,0,12,725,120,0,360,19,27,0,0),('H055',5,236,4393,219,0.12,0,59,30,0,12,820,134,0,360,21,30,0,0),('H055',6,253,4653,241,0.15,0,61,33,0,12,915,147,0,360,22,33,0,0),('H055',7,269,4912,262,0.18,0,63,36,0,12,1010,161,0,360,24,36,0,0),('H055',8,286,5171,284,0.21,0,65,39,0,12,1105,174,0,360,26,39,0,0),('H055',9,303,5430,305,0.24,0,67,42,0,12,1200,188,0,360,27,42,0,0),('H055',10,320,5689,327,0.27,0,69,45,0,12,1295,201,0,360,29,45,0,0),('H055',11,337,5949,349,0.3,0,71,48,0,12,1390,215,0,360,30,48,0,0),('H055',12,353,6208,370,0.33,0,73,51,0,12,1485,228,0,360,32,51,0,0),('H055',13,370,6467,392,0.36,0,75,54,0,12,1580,242,0,360,34,54,0,0),('H055',14,387,6726,413,0.39,0,78,57,0,12,1675,255,0,360,35,57,0,0),('H055',15,404,6985,435,0.42,0,80,60,0,12,1770,269,0,360,37,60,0,0),('H056',1,186,3784,135,0,0,62,0,0,27,430,80,0,370,16,0,0,0),('H056',2,202,4140,160,0.03,0,65,0,0,30,526,93,0,370,17,0,0,0),('H056',3,219,4497,186,0.06,0,68,0,0,33,622,107,0,370,19,0,0,0),('H056',4,236,4853,212,0.09,0,72,0,0,36,718,120,0,370,21,0,0,0),('H056',5,253,5210,238,0.12,0,75,0,0,39,814,134,0,370,22,0,0,0),('H056',6,270,5567,264,0.15,0,78,0,0,42,910,147,0,370,24,0,0,0),('H056',7,286,5923,290,0.18,0,82,0,0,45,1006,161,0,370,26,0,0,0),('H056',8,303,6279,316,0.21,0,85,0,0,48,1102,175,0,370,28,0,0,0),('H056',9,320,6636,342,0.24,0,88,0,0,51,1198,188,0,370,29,0,0,0),('H056',10,337,6993,368,0.27,0,92,0,0,54,1294,201,0,370,31,0,0,0),('H056',11,354,7349,394,0.3,0,95,0,0,57,1390,215,0,370,33,0,0,0),('H056',12,370,7706,419,0.33,0,98,0,0,60,1486,228,0,370,34,0,0,0),('H056',13,387,8062,445,0.36,0,101,0,0,63,1582,242,0,370,36,0,0,0),('H056',14,404,8419,471,0.39,0,105,0,0,66,1678,255,0,370,37,0,0,0),('H056',15,421,8776,497,0.42,0,108,0,0,69,1774,269,0,370,39,0,0,0),('H057',1,188,3377,133,0,0,53,0,0,27,490,80,0,350,18,0,0,0),('H057',2,198,3640,153,0.01,0,55,0,0,30,590,93,0,350,19,0,0,0),('H057',3,209,3903,173,0.02,0,57,0,0,33,704,107,0,350,21,0,0,0),('H057',4,220,4166,193,0.03,0,59,0,0,36,809,120,0,350,23,0,0,0),('H057',5,231,4429,213,0.04,0,61,0,0,39,916,134,0,350,25,0,0,0),('H057',6,242,4692,233,0.05,0,63,0,0,42,1023,147,0,350,27,0,0,0),('H057',7,253,4955,253,0.06,0,65,0,0,45,1130,161,0,350,29,0,0,0),('H057',8,264,5218,273,0.07,0,67,0,0,48,1237,174,0,350,30,0,0,0),('H057',9,274,5481,293,0.08,0,69,0,0,51,1344,188,0,350,32,0,0,0),('H057',10,285,5744,313,0.09,0,71,0,0,54,1451,201,0,350,34,0,0,0),('H057',11,296,6007,333,0.1,0,73,0,0,57,1558,215,0,350,36,0,0,0),('H057',12,307,6270,353,0.11,0,75,0,0,60,1665,228,0,350,38,0,0,0),('H057',13,318,6533,373,0.12,0,77,0,0,63,1772,242,0,350,40,0,0,0),('H057',14,328,6796,393,0.13,0,79,0,0,66,1879,255,0,350,42,0,0,0),('H057',15,339,7059,413,0.14,0,81,0,0,69,1986,269,0,350,43,0,0,0),('H058',1,187,3619,135,0,0,57,18,0,15,0,80,0,380,0,18,0,0),('H058',2,206,3919,156,0.02,0,59,21,0,18,0,93,0,380,0,21,0,0),('H058',3,226,4219,177,0.04,0,61,24,0,21,0,107,0,380,0,24,0,0),('H058',4,246,4519,198,0.06,0,63,27,0,24,0,120,0,380,0,27,0,0),('H058',5,266,4819,219,0.08,0,65,30,0,27,0,130,0,380,0,30,0,0),('H058',6,286,5119,241,0.1,0,67,33,0,30,0,147,0,380,0,33,0,0),('H058',7,306,5419,262,0.12,0,69,36,0,33,0,161,0,380,0,36,0,0),('H058',8,326,5719,283,0.14,0,71,39,0,36,0,174,0,380,0,39,0,0),('H058',9,346,6019,304,0.16,0,73,42,0,39,0,188,0,380,0,42,0,0),('H058',10,366,6319,325,0.18,0,76,45,0,42,0,201,0,380,0,45,0,0),('H058',11,386,6619,347,0.2,0,78,48,0,45,0,215,0,380,0,48,0,0),('H058',12,405,6919,368,0.22,0,80,51,0,48,0,228,0,380,0,51,0,0),('H058',13,425,7219,389,0.24,0,82,54,0,51,0,242,0,380,0,54,0,0),('H058',14,445,7519,410,0.26,0,84,57,0,54,0,255,0,380,0,57,0,0),('H058',15,465,7819,431,0.28,0,86,60,0,57,0,269,0,380,0,60,0,0),('H059',1,156,3887,155,0,0,68,0,0,0,470,80,0,370,17,0,0,0.13),('H059',2,164,4294,178,0.01,0,72,0,0,0,574,93,0,370,18,0,0,0.13),('H059',3,172,4702,202,0.02,0,76,0,0,0,678,107,0,370,20,0,0,0.13),('H059',4,181,5110,226,0.03,0,80,0,0,0,782,120,0,370,22,0,0,0.13),('H059',5,189,5518,250,0.04,0,84,0,0,0,886,134,0,370,24,0,0,0.13),('H059',6,198,5926,274,0.05,0,89,0,0,0,990,147,0,370,26,0,0,0.13),('H059',7,206,6333,298,0.06,0,93,0,0,0,1094,161,0,370,27,0,0,0.13),('H059',8,214,6741,322,0.07,0,97,0,0,0,1198,174,0,370,29,0,0,0.13),('H059',9,223,7149,346,0.08,0,101,0,0,0,1302,188,0,370,31,0,0,0.13),('H059',10,231,7557,370,0.09,0,106,0,0,0,1406,201,0,370,33,0,0,0.13),('H059',11,240,7965,394,0.1,0,110,0,0,0,1510,215,0,370,35,0,0,0.13),('H059',12,248,8372,417,0.11,0,114,0,0,0,1614,228,0,370,36,0,0,0.13),('H059',13,256,8780,441,0.12,0,118,0,0,0,1718,242,0,370,38,0,0,0.13),('H059',14,265,9188,465,0.13,0,123,0,0,0,1822,255,0,370,40,0,0,0.13),('H059',15,273,9596,489,0.14,0,127,0,0,0,1926,269,0,370,42,0,0,0.13),('H060',1,159,3588,142,0,0,48,0,0,0,470,80,0,360,17,0,0,0.13),('H060',2,168,3843,163,0.01,0,50,0,0,0,572,93,0,360,18,0,0,0.13),('H060',3,178,4099,185,0.02,0,52,0,0,0,674,107,0,360,20,0,0,0.13),('H060',4,187,4355,207,0.03,0,54,0,0,0,776,120,0,360,22,0,0,0.13),('H060',5,197,4611,228,0.04,0,56,0,0,0,878,134,0,360,23,0,0,0.13),('H060',6,206,4867,250,0.05,0,58,0,0,0,980,148,0,360,24,0,0,0.13),('H060',7,216,5123,272,0.06,0,60,0,0,0,1082,161,0,360,26,0,0,0.13),('H060',8,226,5379,293,0.07,0,62,0,0,0,1184,175,0,360,28,0,0,0.13),('H060',9,235,5634,315,0.08,0,64,0,0,0,1286,188,0,360,29,0,0,0.13),('H060',10,244,5890,337,0.09,0,66,0,0,0,1388,202,0,360,31,0,0,0.13),('H060',11,254,6146,358,0.1,0,68,0,0,0,1490,215,0,360,32,0,0,0.13),('H060',12,263,6402,380,0.11,0,70,0,0,0,1592,229,0,360,34,0,0,0.13),('H060',13,273,6658,401,0.12,0,72,0,0,0,1694,242,0,360,36,0,0,0.13),('H060',14,282,6913,423,0.13,0,74,0,0,0,1796,256,0,360,37,0,0,0.13),('H060',15,292,7169,445,0.14,0,76,0,0,0,1898,269,0,360,39,0,0,0.13),('H061',1,184,3582,140,0,0,52,0,0,15,440,80,0,360,15,0,0,0),('H061',2,200,3837,160,0.03,0,53,0,0,18,534,93,0,360,16,0,0,0),('H061',3,217,4092,180,0.06,0,55,0,0,21,628,107,0,360,18,0,0,0),('H061',4,234,4347,200,0.09,0,57,0,0,24,722,120,0,360,19,0,0,0),('H061',5,251,4602,221,0.12,0,59,0,0,27,816,134,0,360,21,0,0,0),('H061',6,268,4857,241,0.15,0,61,0,0,30,910,147,0,360,22,0,0,0),('H061',7,284,5112,261,0.18,0,63,0,0,33,1004,161,0,360,24,0,0,0),('H061',8,301,5367,282,0.21,0,65,0,0,36,1098,174,0,360,25,0,0,0),('H061',9,318,5622,302,0.24,0,67,0,0,39,1192,188,0,360,27,0,0,0),('H061',10,335,5877,322,0.27,0,69,0,0,42,1286,201,0,360,29,0,0,0),('H061',11,352,6132,343,0.3,0,71,0,0,45,1380,215,0,360,30,0,0,0),('H061',12,368,6387,363,0.33,0,73,0,0,48,1474,228,0,360,32,0,0,0),('H061',13,385,6642,383,0.36,0,75,0,0,51,1568,242,0,360,33,0,0,0),('H061',14,402,6897,403,0.39,0,77,0,0,54,1662,255,0,360,35,0,0,0),('H061',15,419,7152,424,0.42,0,79,0,0,57,1756,269,0,360,36,0,0,0),('H062',1,180,3673,137,0,0,57,18,0,15,490,80,0,370,17,18,0,0),('H062',2,190,3940,157,0.01,0,59,21,0,18,595,93,0,370,18,21,0,0),('H062',3,201,4207,177,0.02,0,61,24,0,21,704,107,0,370,20,24,0,0),('H062',4,212,4474,197,0.03,0,63,27,0,24,805,120,0,370,22,27,0,0),('H062',5,223,4741,217,0.04,0,65,30,0,27,910,134,0,370,24,30,0,0),('H062',6,234,5008,237,0.05,0,67,33,0,30,1015,147.3,0,370,25,33,0,0),('H062',7,245,5275,257,0.06,0,69,36,0,33,1120,160.8,0,370,27,36,0,0),('H062',8,256,5542,277,0.07,0,71,39,0,36,1225,174.3,0,370,29,39,0,0),('H062',9,266,5809,297,0.08,0,73,42,0,39,1330,187.8,0,370,31,42,0,0),('H062',10,277,6076,317,0.09,0,75,45,0,42,1435,201.3,0,370,32,45,0,0),('H062',11,288,6343,337,0.1,0,77,48,0,45,1540,214.8,0,370,34,48,0,0),('H062',12,299,6610,357,0.11,0,79,51,0,48,1645,228.3,0,370,36,51,0,0),('H062',13,310,6877,377,0.12,0,81,54,0,51,1750,241.8,0,370,38,54,0,0),('H062',14,320,7144,397,0.13,0,83,57,0,54,1855,255.3,0,370,40,57,0,0),('H062',15,331,7411,417,0.14,0,85,60,0,57,1960,268.8,0,370,41,60,0,0),('H063',1,184,3781,150,0,0,64,18,0,15,0,80,0,380,0,18,0,0),('H063',2,199,4137,172,0.02,0,67,21,0,18,0,93,0,380,0,21,0,0),('H063',3,214,4494,195,0.04,0,70,24,0,21,0,107,0,380,0,24,0,0),('H063',4,230,4850,217,0.06,0,74,27,0,24,0,120,0,380,0,27,0,0),('H063',5,245,5207,240,0.08,0,77,30,0,27,0,134,0,380,0,30,0,0),('H063',6,261,5563,263,0.1,0,80,33,0,30,0,147,0,380,0,33,0,0),('H063',7,276,5919,285,0.12,0,83,36,0,33,0,160,0,380,0,36,0,0),('H063',8,291,6276,308,0.14,0,86,39,0,36,0,174,0,380,0,39,0,0),('H063',9,307,6632,330,0.16,0,90,42,0,39,0,187,0,380,0,42,0,0),('H063',10,322,6989,353,0.18,0,93,45,0,42,0,201,0,380,0,45,0,0),('H063',11,337,7345,375,0.2,0,96,48,0,45,0,214,0,380,0,48,0,0),('H063',12,353,7702,398,0.22,0,100,51,0,48,0,228,0,380,0,51,0,0),('H063',13,368,8058,420,0.24,0,103,54,0,51,0,241,0,380,0,54,0,0),('H063',14,383,8415,443,0.26,0,106,57,0,54,0,255,0,380,0,57,0,0),('H063',15,398,8771,465,0.28,0,110,60,0,57,0,268,0,380,0,60,0,0),('H064',1,153,3816,171,0,0,67,0,0,0,0,80,0,380,0,0,0,0.13),('H064',2,163,4230,200,0.01,0,71,0,0,0,0,93,0,380,0,0,0,0.13),('H064',3,174,4644,230,0.02,0,75,0,0,0,0,107,0,380,0,0,0,0.13),('H064',4,184,5059,259,0.03,0,79,0,0,0,0,120,0,380,0,0,0,0.13),('H064',5,195,5473,289,0.04,0,83,0,0,0,0,134,0,380,0,0,0,0.13),('H064',6,206,5888,319,0.05,0,87,0,0,0,0,147,0,380,0,0,0,0.13),('H064',7,216,6302,348,0.06,0,91,0,0,0,0,164,0,380,0,0,0,0.13),('H064',8,227,6716,378,0.07,0,95,0,0,0,0,174,0,380,0,0,0,0.13),('H064',9,237,7131,407,0.08,0,99,0,0,0,0,187,0,380,0,0,0,0.13),('H064',10,248,7545,437,0.09,0,103,0,0,0,0,201,0,380,0,0,0,0.13),('H064',11,258,7959,466,0.1,0,107,0,0,0,0,214,0,380,0,0,0,0.13),('H064',12,269,8374,496,0.11,0,111,0,0,0,0,228,0,380,0,0,0,0.13),('H064',13,279,8788,525,0.12,0,115,0,0,0,0,241,0,380,0,0,0,0.13),('H064',14,290,9202,555,0.13,0,119,0,0,0,0,255,0,380,0,0,0,0.13),('H064',15,300,9616,584,0.14,0,123,0,0,0,0,268,0,380,0,0,0,0.13),('H065',1,173,3472,144,0,0,54,18,0,15,490,80,0,370,17,18,0,0),('H065',2,184,3754,165,0.01,0,56,21,0,18,597,93,0,370,18,21,0,0),('H065',3,195,4036,186,0.02,0,59,24,0,21,704,107,0,370,20,24,0,0),('H065',4,206,4319,207,0.03,0,61,27,0,24,811,120,0,370,22,27,0,0),('H065',5,217,4601,228,0.04,0,63,30,0,27,918,134,0,370,24,30,0,0),('H065',6,228,4884,249,0.05,0,66,33,0,30,1025,147,0,370,26,33,0,0),('H065',7,239,5166,270,0.06,0,68,36,0,33,1132,160,0,370,28,36,0,0),('H065',8,250,5448,291,0.07,0,71,39,0,36,1239,174,0,370,30,39,0,0),('H065',9,261,5731,312,0.08,0,73,42,0,39,1346,187,0,370,31,42,0,0),('H065',10,272,6013,333,0.09,0,75,45,0,42,1453,201,0,370,33,45,0,0),('H065',11,283,6295,354,0.1,0,77,48,0,45,1560,214,0,370,35,48,0,0),('H065',12,294,6578,375,0.11,0,80,51,0,48,1667,228,0,370,37,51,0,0),('H065',13,305,6860,396,0.12,0,82,54,0,51,1774,241,0,370,39,54,0,0),('H065',14,316,7142,417,0.13,0,84,57,0,54,1881,255,0,370,40,57,0,0),('H065',15,327,7424,438,0.14,0,87,60,0,57,1988,268,0,370,42,60,0,0),('H066',1,170,3500,140,0,0,66,0,0,0,420,80,0,360,15,0,0,0.13),('H066',2,180,3851,165,0.01,0,70,0,0,0,511,93,0,360,16,0,0,0.13),('H066',3,190,4186,190,0.02,0,74,0,0,0,602,107,0,360,18,0,0,0.13),('H066',4,200,4521,215,0.03,0,79,0,0,0,693,120,0,360,19,0,0,0.13),('H066',5,210,4856,240,0.04,0,83,0,0,0,784,134,0,360,21,0,0,0.13),('H066',6,220,5191,265,0.05,0,88,0,0,0,875,147,0,360,22,0,0,0.13),('H066',7,230,5526,290,0.06,0,93,0,0,0,966,160,0,360,24,0,0,0.13),('H066',8,240,5861,315,0.07,0,98,0,0,0,1057,173,0,360,25,0,0,0.13),('H066',9,250,6196,340,0.08,0,103,0,0,0,1148,186,0,360,27,0,0,0.13),('H066',10,260,6531,365,0.09,0,108,0,0,0,1239,199,0,360,28,0,0,0.13),('H066',11,270,6866,390,0.1,0,113,0,0,0,1330,212,0,360,30,0,0,0.13),('H066',12,280,7201,415,0.11,0,118,0,0,0,1421,225,0,360,31,0,0,0.13),('H066',13,290,7536,440,0.12,0,123,0,0,0,1512,238,0,360,33,0,0,0.13),('H066',14,300,7871,465,0.13,0,128,0,0,0,1603,251,0,360,35,0,0,0.13),('H066',15,310,8206,490,0.14,0,133,0,0,0,1694,264,0,360,36,0,0,0.13),('H067',1,170,3864,145,0,0,64,18,0,0,0,80,0,370,0,18,0,0.13),('H067',2,182,4199,169,0.02,0,67,21,0,0,0,93,0,370,0,21,0,0.13),('H067',3,194,4534,193,0.04,0,70,24,0,0,0,107,0,370,0,24,0,0.13),('H067',4,207,4869,217,0.06,0,73,27,0,0,0,120,0,370,0,27,0,0.13),('H067',5,219,5204,242,0.08,0,76,30,0,0,0,134,0,370,0,30,0,0.13),('H067',6,232,5539,266,0.1,0,79,33,0,0,0,147,0,370,0,33,0,0.13),('H067',7,244,5874,290,0.12,0,82,36,0,0,0,160,0,370,0,36,0,0.13),('H067',8,256,6209,315,0.14,0,85,39,0,0,0,174,0,370,0,39,0,0.13),('H067',9,269,6544,339,0.16,0,88,42,0,0,0,187,0,370,0,42,0,0.13),('H067',10,281,6879,363,0.18,0,91,45,0,0,0,201,0,370,0,45,0,0.13),('H067',11,293,7214,387,0.2,0,94,48,0,0,0,214,0,370,0,48,0,0.13),('H067',12,306,7549,411,0.22,0,97,51,0,0,0,228,0,370,0,51,0,0.13),('H067',13,318,7884,436,0.24,0,100,54,0,0,0,241,0,370,0,54,0,0.13),('H067',14,330,8219,460,0.26,0,103,57,0,0,0,255,0,370,0,57,0,0.13),('H067',15,342,8554,484,0.28,0,106,60,0,0,0,268,0,370,0,60,0,0.13),('H068',1,NULL,NULL,NULL,NULL,NULL,NULL,NULL,NULL,NULL,NULL,NULL,NULL,NULL,NULL,NULL,NULL,NULL),('H068',2,NULL,NULL,NULL,NULL,NULL,NULL,NULL,NULL,NULL,NULL,NULL,NULL,NULL,NULL,NULL,NULL,NULL),('H068',3,NULL,NULL,NULL,NULL,NULL,NULL,NULL,NULL,NULL,NULL,NULL,NULL,NULL,NULL,NULL,NULL,NULL),('H068',4,NULL,NULL,NULL,NULL,NULL,NULL,NULL,NULL,NULL,NULL,NULL,NULL,NULL,NULL,NULL,NULL,NULL),('H068',5,NULL,NULL,NULL,NULL,NULL,NULL,NULL,NULL,NULL,NULL,NULL,NULL,NULL,NULL,NULL,NULL,NULL),('H068',6,NULL,NULL,NULL,NULL,NULL,NULL,NULL,NULL,NULL,NULL,NULL,NULL,NULL,NULL,NULL,NULL,NULL),('H068',7,NULL,NULL,NULL,NULL,NULL,NULL,NULL,NULL,NULL,NULL,NULL,NULL,NULL,NULL,NULL,NULL,NULL),('H068',8,NULL,NULL,NULL,NULL,NULL,NULL,NULL,NULL,NULL,NULL,NULL,NULL,NULL,NULL,NULL,NULL,NULL),('H068',9,NULL,NULL,NULL,NULL,NULL,NULL,NULL,NULL,NULL,NULL,NULL,NULL,NULL,NULL,NULL,NULL,NULL),('H068',10,NULL,NULL,NULL,NULL,NULL,NULL,NULL,NULL,NULL,NULL,NULL,NULL,NULL,NULL,NULL,NULL,NULL),('H068',11,NULL,NULL,NULL,NULL,NULL,NULL,NULL,NULL,NULL,NULL,NULL,NULL,NULL,NULL,NULL,NULL,NULL),('H068',12,NULL,NULL,NULL,NULL,NULL,NULL,NULL,NULL,NULL,NULL,NULL,NULL,NULL,NULL,NULL,NULL,NULL),('H068',13,NULL,NULL,NULL,NULL,NULL,NULL,NULL,NULL,NULL,NULL,NULL,NULL,NULL,NULL,NULL,NULL,NULL),('H068',14,NULL,NULL,NULL,NULL,NULL,NULL,NULL,NULL,NULL,NULL,NULL,NULL,NULL,NULL,NULL,NULL,NULL),('H068',15,NULL,NULL,NULL,NULL,NULL,NULL,NULL,NULL,NULL,NULL,NULL,NULL,NULL,NULL,NULL,NULL,NULL),('H069',1,183,3400,141,0,0,50,18,0,15,490,80,0,370,18,18,0,0),('H069',2,193,3620,162,0.01,0,51,21,0,18,597,93,0,370,19,21,0,0),('H069',3,204,3841,184,0.02,0,53,24,0,21,704,107,0,370,21,24,0,0),('H069',4,215,4061,205,0.03,0,55,27,0,24,811,120,0,370,23,27,0,0),('H069',5,226,4282,227,0.04,0,56,30,0,27,918,134,0,370,25,30,0,0),('H069',6,237,4502,249,0.05,0,57,33,0,30,1025,147,0,370,27,33,0,0),('H069',7,248,4723,270,0.06,0,59,36,0,33,1132,160,0,370,29,36,0,0),('H069',8,259,4943,292,0.07,0,61,39,0,36,1239,174,0,370,31,39,0,0),('H069',9,270,5163,313,0.08,0,62,42,0,39,1346,187,0,370,32,42,0,0),('H069',10,281,5384,335,0.09,0,64,45,0,42,1453,201,0,370,34,45,0,0),('H069',11,292,5604,356,0.1,0,65,48,0,45,1560,214,0,370,36,48,0,0),('H069',12,303,5825,378,0.11,0,67,51,0,48,1667,228,0,370,38,51,0,0),('H069',13,314,6045,399,0.12,0,69,54,0,51,1774,241,0,370,40,54,0,0),('H069',14,325,6266,421,0.13,0,70,57,0,54,1881,255,0,370,41,57,0,0),('H069',15,336,6486,442,0.14,0,72,60,0,57,1988,268,0,370,43,60,0,0),('H070',1,NULL,NULL,NULL,NULL,NULL,NULL,NULL,NULL,NULL,NULL,NULL,NULL,NULL,NULL,NULL,NULL,NULL),('H070',2,NULL,NULL,NULL,NULL,NULL,NULL,NULL,NULL,NULL,NULL,NULL,NULL,NULL,NULL,NULL,NULL,NULL),('H070',3,NULL,NULL,NULL,NULL,NULL,NULL,NULL,NULL,NULL,NULL,NULL,NULL,NULL,NULL,NULL,NULL,NULL),('H070',4,NULL,NULL,NULL,NULL,NULL,NULL,NULL,NULL,NULL,NULL,NULL,NULL,NULL,NULL,NULL,NULL,NULL),('H070',5,NULL,NULL,NULL,NULL,NULL,NULL,NULL,NULL,NULL,NULL,NULL,NULL,NULL,NULL,NULL,NULL,NULL),('H070',6,NULL,NULL,NULL,NULL,NULL,NULL,NULL,NULL,NULL,NULL,NULL,NULL,NULL,NULL,NULL,NULL,NULL),('H070',7,NULL,NULL,NULL,NULL,NULL,NULL,NULL,NULL,NULL,NULL,NULL,NULL,NULL,NULL,NULL,NULL,NULL),('H070',8,NULL,NULL,NULL,NULL,NULL,NULL,NULL,NULL,NULL,NULL,NULL,NULL,NULL,NULL,NULL,NULL,NULL),('H070',9,NULL,NULL,NULL,NULL,NULL,NULL,NULL,NULL,NULL,NULL,NULL,NULL,NULL,NULL,NULL,NULL,NULL),('H070',10,NULL,NULL,NULL,NULL,NULL,NULL,NULL,NULL,NULL,NULL,NULL,NULL,NULL,NULL,NULL,NULL,NULL),('H070',11,NULL,NULL,NULL,NULL,NULL,NULL,NULL,NULL,NULL,NULL,NULL,NULL,NULL,NULL,NULL,NULL,NULL),('H070',12,NULL,NULL,NULL,NULL,NULL,NULL,NULL,NULL,NULL,NULL,NULL,NULL,NULL,NULL,NULL,NULL,NULL),('H070',13,NULL,NULL,NULL,NULL,NULL,NULL,NULL,NULL,NULL,NULL,NULL,NULL,NULL,NULL,NULL,NULL,NULL),('H070',14,NULL,NULL,NULL,NULL,NULL,NULL,NULL,NULL,NULL,NULL,NULL,NULL,NULL,NULL,NULL,NULL,NULL),('H070',15,NULL,NULL,NULL,NULL,NULL,NULL,NULL,NULL,NULL,NULL,NULL,NULL,NULL,NULL,NULL,NULL,NULL),('H071',1,191,3589,132,0,0,57,0,0,0,450,27,0,380,16,0,0,0),('H071',2,208,3865,155,0.01,0,59,0,0,30,547,93,0,380,17,0,0,0),('H071',3,255,4142,178,0.02,0,61,0,0,33,644,107,0,380,19,0,0,0),('H071',4,242,4419,201,0.03,0,64,0,0,36,741,120,0,380,20,0,0,0),('H071',5,259,4696,224,0.04,0,66,0,0,39,838,134,0,380,22,0,0,0),('H071',6,277,4973,247,0.05,0,68,0,0,42,935,147,0,380,24,0,0,0),('H071',7,294,5250,270,0.06,0,71,0,0,45,1032,161,0,380,25,0,0,0),('H071',8,311,5527,293,0.07,0,73,0,0,48,1129,174,0,380,27,0,0,0),('H071',9,328,5804,316,0.08,0,75,0,0,51,1126,188,0,380,28,0,0,0),('H071',10,345,6081,339,0.09,0,78,0,0,54,1323,201,0,380,30,0,0,0),('H071',11,363,6358,362,0.1,0,80,0,0,57,1420,215,0,380,32,0,0,0),('H071',12,380,6634,385,0.11,0,82,0,0,60,1517,228,0,380,33,0,0,0),('H071',13,397,6911,408,0.12,0,85,0,0,63,1614,242,0,380,35,0,0,0),('H071',14,414,7188,431,0.13,0,87,0,0,66,1711,255,0,380,36,0,0,0),('H071',15,431,7465,454,0.14,0,89,0,0,69,1808,269,0,380,38,0,0,0),('H072',1,182,3922,149,0,0,65,0,0,27,0,80,0,390,0,0,0,0),('H072',2,197,4303,174,0.01,0,68,0,0,30,0,93,0,390,0,0,0,0),('H072',3,212,4684,199,0.02,0,72,0,0,33,0,107,0,390,0,0,0,0),('H072',4,227,5065,224,0.03,0,75,0,0,36,0,120,0,390,0,0,0,0),('H072',5,242,5447,249,0.04,0,79,0,0,39,0,134,0,390,0,0,0,0),('H072',6,257,5828,274,0.05,0,83,0,0,42,0,147,0,390,0,0,0,0),('H072',7,272,6210,299,0.06,0,87,0,0,45,0,161,0,390,0,0,0,0),('H072',8,287,6591,324,0.07,0,90,0,0,48,0,175,0,390,0,0,0,0),('H072',9,302,6972,349,0.08,0,94,0,0,51,0,188,0,390,0,0,0,0),('H072',10,317,7353,374,0.09,0,98,0,0,54,0,201,0,390,0,0,0,0),('H072',11,332,7735,399,0.1,0,101,0,0,57,0,215,0,390,0,0,0,0),('H072',12,347,8116,424,0.11,0,105,0,0,60,0,228,0,390,0,0,0,0),('H072',13,362,8497,449,0.12,0,108,0,0,63,0,242,0,390,0,0,0,0),('H072',14,377,8878,474,0.13,0,112,0,0,66,0,255,0,390,0,0,0,0),('H072',15,392,9259,499,0.14,0,116,0,0,69,0,269,0,390,0,0,0,0),('H073',1,181,3642,131,0,0,62,0,0,15,450,80,0,400,19,0,0,0),('H073',2,198,3917,152,0.01,0,65,21,0,18,548,93,0,400,20,21,0,0),('H073',3,216,4192,174,0.02,0,68,24,0,21,646,107,0,400,22,24,0,0),('H073',4,233,4467,195,0.03,0,72,27,0,24,744,120,0,400,24,27,0,0),('H073',5,251,4742,217,0.04,0,75,30,0,27,842,134,0,400,26,30,0,0),('H073',6,268,5017,238,0.05,0,78,33,0,30,940,147,0,400,28,33,0,0),('H073',7,286,5292,260,0.06,0,82,36,0,33,1038,161,0,400,30,36,0,0),('H073',8,303,5567,281,0.07,0,85,39,0,36,1136,174,0,400,32,39,0,0),('H073',9,321,5842,303,0.08,0,88,42,0,39,1234,188,0,400,33,42,0,0),('H073',10,338,6117,324,0.09,0,92,45,0,42,1332,201,0,400,35,45,0,0),('H073',11,356,6392,346,0.1,0,95,48,0,45,1430,214,0,400,37,48,0,0),('H073',12,373,6667,367,0.11,0,98,51,0,48,1528,228,0,400,39,51,0,0),('H073',13,391,6942,389,0.12,0,101,54,0,51,1626,241,0,400,41,54,0,0),('H073',14,408,7217,410,0.13,0,105,57,0,54,1724,255,0,400,43,57,0,0),('H073',15,426,7492,432,0.14,0,108,60,0,57,1822,268,0,400,45,60,0,0),('H074',1,170,3642,135,0,0,52,18,0,12,440,80,0,360,15,18,0,0),('H074',2,186,3896,156,0.03,0,54,21,0,12,536,93,0,360,17,21,0,0),('H074',3,202,4150,178,0.06,0,56,24,0,12,632,107,0,360,19,24,0,0),('H074',4,218,4404,200,0.09,0,58,27,0,12,728,120,0,360,20,27,0,0),('H074',5,234,4658,222,0.12,0,60,30,0,12,824,134,0,360,22,30,0,0),('H074',6,250,4912,243,0.15,0,62,33,0,12,920,147,0,360,24,33,0,0),('H074',7,266,5166,265,0.18,0,64,36,0,12,1016,161,0,360,25,36,0,0),('H074',8,282,5420,287,0.21,0,66,39,0,12,1112,174,0,360,27,39,0,0),('H074',9,298,5674,308,0.24,0,68,42,0,12,1208,188,0,360,29,42,0,0),('H074',10,314,5928,330,0.27,0,70,45,0,12,1304,201,0,360,31,45,0,0),('H074',11,330,6182,352,0.3,0,72,48,0,12,1400,215,0,360,32,48,0,0),('H074',12,346,6436,373,0.33,0,74,51,0,12,1496,228,0,360,34,51,0,0),('H074',13,362,6690,395,0.36,0,76,54,0,12,1592,242,0,360,36,54,0,0),('H074',14,378,6944,417,0.39,0,78,57,0,12,1688,255,0,360,37,57,0,0),('H074',15,394,7198,439,0.42,0,80,60,0,12,1784,269,0,360,39,60,0,0),('H075',1,178,3308,152,0,0,52,18,0,15,490,80,0,400,18,18,0,0),('H075',2,190,3547,172,0.01,0,53,21,0,18,598,93,0,400,19,21,0,0),('H075',3,203,3786,192,0.02,0,55,24,0,21,706,107,0,400,21,24,0,0),('H075',4,216,4026,213,0.03,0,57,27,0,24,814,120,0,400,23,27,0,0),('H075',5,228,4265,233,0.04,0,59,30,0,27,922,134,0,400,25,30,0,0),('H075',6,241,4505,254,0.05,0,61,33,0,30,1030,147,0,400,27,33,0,0),('H075',7,254,4744,274,0.06,0,63,36,0,33,1138,160,0,400,29,36,0,0),('H075',8,266,4983,294,0.07,0,65,39,0,36,1246,174,0,400,31,39,0,0),('H075',9,279,5223,315,0.08,0,66,42,0,39,1354,187,0,400,32,42,0,0),('H075',10,292,5462,335,0.09,0,68,45,0,42,1462,201,0,400,34,45,0,0),('H075',11,304,5701,355,0.1,0,70,48,0,45,1570,214,0,400,36,48,0,0),('H075',12,317,5941,376,0.11,0,72,51,0,48,1678,228,0,400,38,51,0,0),('H075',13,329,6180,396,0.12,0,74,54,0,51,1786,241,0,400,40,54,0,0),('H075',14,342,6419,416,0.13,0,75,57,0,54,1894,255,0,400,41,57,0,0),('H075',15,355,6658,436,0.14,0,77,60,0,57,2002,268,0,400,43,60,0,0),('H076',1,188,3543,137,0,0,61,0,0,27,150,80,0,380,0,0,0,0),('H076',2,203,3843,159,0.03,0,62,0,0,30,150,93,0,380,0,0,0,0),('H076',3,219,4143,181,0.06,0,64,0,0.33,33,150,107,0,380,0,0,0,0),('H076',4,235,4443,203,0.09,0,66,0,0,36,150,120,0,380,0,0,0,0),('H076',5,250,4743,225,0.12,0,67,0,0,39,150,133,0,380,0,0,0,0),('H076',6,266,5043,247,0.15,0,69,0,0,42,150,147,0,380,0,0,0,0),('H076',7,281,5343,269,0.18,0,70,0,0,45,150,160,0,380,0,0,0,0),('H076',8,297,5643,291,0.21,0,72,0,0,48,150,174,0,380,0,0,0,0),('H076',9,312,5943,313,0.24,0,73,0,0,51,150,187,0,380,0,0,0,0),('H076',10,328,6243,335,0.27,0,75,0,0,54,150,201,0,380,0,0,0,0),('H076',11,343,6543,357,0.3,0,76,0,0,57,150,214,0,380,0,0,0,0),('H076',12,359,6843,379,0.33,0,78,0,0,60,150,228,0,380,0,0,0,0),('H076',13,374,7143,401,0.36,0,79,0,0,63,150,241,0,380,0,0,0,0),('H076',14,390,7443,423,0.39,0,81,0,0,66,150,255,0,380,0,0,0,0),('H076',15,405,7743,445,0.42,0,82,0,0,69,150,268,0,380,0,0,0,0),('H077',1,170,4444,141,0,0,61,0,0,15,420,80,0,380,15,0,0,0),('H077',2,184,4854,163,0.03,0,64,0,0,18,511,93,0,380,16,0,0,0),('H077',3,198,5264,186,0.06,0,67,0,0,21,602,107,0,380,18,0,0,0),('H077',4,212,5674,208,0.09,0,71,0,0,24,693,120,0,380,19,0,0,0),('H077',5,226,6084,231,0.12,0,74,0,0,27,784,134,0,380,21,0,0,0),('H077',6,240,6494,253,0.15,0,77,0,0,30,875,147.3,0,380,22,0,0,0),('H077',7,254,6904,275,0.18,0,80,0,0,33,966,160.8,0,380,23,0,0,0),('H077',8,268,7314,298,0.21,0,83,0,0,36,1057,174.3,0,380,25,0,0,0),('H077',9,282,7724,320,0.24,0,87,0,0,39,1148,187.8,0,380,26,0,0,0),('H077',10,296,8134,343,0.27,0,90,0,0,42,1239,201.3,0,380,28,0,0,0),('H077',11,310,8544,365,0.3,0,93,0,0,45,1330,214.8,0,380,29,0,0,0),('H077',12,324,8954,388,0.33,0,97,0,0,48,1421,228.3,0,380,31,0,0,0),('H077',13,338,9364,410,0.36,0,100,0,0,51,1512,241.8,0,380,32,0,0,0),('H077',14,352,9774,433,0.39,0,103,0,0,54,1603,255.3,0,380,34,0,0,0),('H077',15,366,10184,455,0.42,0,107,0,0,57,1694,268.8,0,380,35,0,0,0),('H078',1,178,3585,141,0,0,56,0,0,12,0,80,0,390,0,0,0,0),('H078',2,186,3848,164,0.01,0,58,0,0,12,0,93,0,390,0,0,0,0),('H078',3,195,4112,187,0.02,0,60,0,0,12,0,107,0,390,0,0,0,0),('H078',4,204,4375,210,0.03,0,62,0,0,12,0,120,0,390,0,0,0,0),('H078',5,213,4639,233,0.04,0,64,0,0,12,0,134,0,390,0,0,0,0),('H078',6,222,4902,256,0.05,0,66,0,0,12,0,148,0,390,0,0,0,0),('H078',7,231,5165,279,0.06,0,68,0,0,12,0,161,0,390,0,0,0,0),('H078',8,240,5429,302,0.07,0,70,0,0,12,0,175,0,390,0,0,0,0),('H078',9,248,5692,325,0.08,0,72,0,0,12,0,188,0,390,0,0,0,0),('H078',10,257,5956,348,0.09,0,74,0,0,12,0,202,0,390,0,0,0,0),('H078',11,266,6219,371,0.1,0,76,0,0,12,0,215,0,390,0,0,0,0),('H078',12,275,6483,394,0.11,0,78,0,0,12,0,229,0,390,0,0,0,0),('H078',13,284,6746,417,0.12,0,80,0,0,12,0,242,0,390,0,0,0,0),('H078',14,292,7010,440,0.13,0,82,0,0,12,0,256,0,390,0,0,0,0),('H078',15,301,7273,463,0.14,0,84,0,0,12,0,269,0,390,0,0,0,0),('H079',1,175,3369,133,0,0,53,0,0,12,490,80,0,350,17,0,0,0.13),('H079',2,183,3619,153,0.01,0,55,0,0,12,595,93,0,350,18,0,0,0.13),('H079',3,192,3869,174,0.02,0,57,0,0,12,700,107,0,350,20,0,0,0.13),('H079',4,200,4119,195,0.03,0,59,0,0,12,805,120,0,350,22,0,0,0.13),('H079',5,209,4369,216,0.04,0,61,0,0,12,910,134,0,350,24,0,0,0.13),('H079',6,218,4620,237,0.05,0,63,0,0,12,1015,147,0,350,25,0,0,0.13),('H079',7,226,4870,258,0.06,0,65,0,0,12,1120,160,0,350,27,0,0,0.13),('H079',8,235,5120,279,0.07,0,67,0,0,12,1225,174,0,350,29,0,0,0.13),('H079',9,243,5370,300,0.08,0,69,0,0,12,1330,187,0,350,31,0,0,0.13),('H079',10,252,5621,321,0.09,0,71,0,0,12,1435,201,0,350,32,0,0,0.13),('H079',11,260,5871,342,0.1,0,73,0,0,12,1540,214,0,350,34,0,0,0.13),('H079',12,269,6121,362,0.11,0,75,0,0,12,1645,228,0,350,36,0,0,0.13),('H079',13,277,6371,383,0.12,0,77,0,0,12,1750,241,0,350,38,0,0,0.13),('H079',14,286,6621,404,0.13,0,79,0,0,12,1855,255,0,350,40,0,0,0.13),('H079',15,294,6871,425,0.14,0,81,0,0,12,1960,268,0,350,41,0,0,0.13),('H080',1,188,3469,132,0,0,54,0,0,27,0,80,0,380,0,0,0,0),('H080',2,205,3744,154,0.02,0,56,0,0,30,0,93,0,380,0,0,0,0),('H080',3,222,4019,176,0.04,0,58,0,0,33,0,107,0,380,0,0,0,0),('H080',4,239,4294,198,0.06,0,60,0,0,36,0,120,0,380,0,0,0,0),('H080',5,256,4569,221,0.08,0,62,0,0,39,0,134,0,380,0,0,0,0),('H080',6,274,4844,243,0.1,0,64,0,0,42,0,148,0,380,0,0,0,0),('H080',7,291,5119,265,0.12,0,66,0,0,45,0,161,0,380,0,0,0,0),('H080',8,308,5394,288,0.14,0,68,0,0,48,0,175,0,380,0,0,0,0),('H080',9,325,5669,310,0.16,0,70,0,0,51,0,188,0,380,0,0,0,0),('H080',10,343,5944,332,0.18,0,72,0,0,54,0,202,0,380,0,0,0,0),('H080',11,360,6219,354,0.2,0,74,0,0,57,0,215,0,380,0,0,0,0),('H080',12,377,6494,376,0.22,0,76,0,0,60,0,229,0,380,0,0,0,0),('H080',13,394,6769,399,0.24,0,78,0,0,63,0,242,0,380,0,0,0,0),('H080',14,411,7044,421,0.26,0,80,0,0,66,0,256,0,380,0,0,0,0),('H080',15,428,7319,443,0.28,0,82,0,0,69,0,269,0,380,0,0,0,0),('H081',1,164,3485,133,0,0,54,18,0,12,490,80,0,360,18,18,0,0),('H081',2,173,3730,153,0.01,0,56,21,0,12,597,93,0,360,19,21,0,0),('H081',3,182,3975,174,0.02,0,58,24,0,12,702,107,0,360,21,24,0,0),('H081',4,192,4220,195,0.03,0,60,27,0,12,811,120,0,360,23,27,0,0),('H081',5,201,4465,216,0.04,0,62,30,0,12,918,134,0,360,25,30,0,0),('H081',6,211,4710,237,0.05,0,64,33,0,12,1025,147,0,360,27,33,0,0),('H081',7,220,4955,258,0.06,0,66,36,0,12,1132,160,0,360,29,36,0,0),('H081',8,229,5200,279,0.07,0,68,39,0,12,1239,174,0,360,31,39,0,0),('H081',9,239,5445,299,0.08,0,70,42,0,12,1346,187,0,360,32,42,0,0),('H081',10,248,5690,320,0.09,0,72,45,0,12,1453,201,0,360,34,45,0,0),('H081',11,257,5935,341,0.1,0,74,48,0,12,1560,214,0,360,36,48,0,0),('H081',12,267,6180,362,0.11,0,76,51,0,12,1667,228,0,360,38,51,0,0),('H081',13,276,6425,383,0.12,0,78,54,0,12,1774,241,0,360,40,54,0,0),('H081',14,285,6670,403,0.13,0,80,57,0,12,1881,255,0,360,41,57,0,0),('H081',15,294,6915,424,0.14,0,82,60,0,12,1988,268,0,360,43,60,0,0),('H082',1,168,3720,146,0,0,61,0,0,0,0,80,0,390,0,0,0,0),('H082',2,179,4055,171,0.03,0,64,0,0,0,0,93,0,390,0,0,0,0),('H082',3,191,4390,197,0.06,0,67,0,0,0,0,107,0,390,0,0,0,0),('H082',4,202,4726,222,0.09,0,70,0,0,0,0,120,0,390,0,0,0,0),('H082',5,214,5061,248,0.12,0,73,0,0,0,0,134,0,390,0,0,0,0),('H082',6,226,5397,274,0.15,0,76,0,0,0,0,148,0,390,0,0,0,0),('H082',7,237,5732,299,0.18,0,79,0,0,0,0,161,0,390,0,0,0,0),('H082',8,249,6067,325,0.21,0,82,0,0,0,0,175,0,390,0,0,0,0),('H082',9,260,6403,350,0.24,0,85,0,0,0,0,188,0,390,0,0,0,0),('H082',10,272,6738,376,0.27,0,88,0,0,0,0,202,0,390,0,0,0,0),('H082',11,283,7073,401,0.3,0,91,0,0,0,0,215,0,390,0,0,0,0),('H082',12,295,7409,427,0.33,0,94,0,0,0,0,229,0,390,0,0,0,0),('H082',13,306,7744,452,0.36,0,97,0,0,0,0,242,0,390,0,0,0,0),('H082',14,318,8079,478,0.39,0,100,0,0,0,0,256,0,390,0,0,0,0),('H082',15,329,8415,504,0.42,0,103,0,0,0,0,269,0,390,0,0,0,0),('H083',1,178,3720,159,0,0,69,0,0,15,420,80,0,370,15,0,0,0),('H083',2,189,4055,184,0.01,0,73,0,0,18,512,93,0,370,16,0,0,0),('H083',3,201,4390,210,0.02,0,78,0,0,21,604,107,0,370,18,0,0,0),('H083',4,212,4726,235,0.03,0,83,0,0,24,696,120,0,370,19,0,0,0),('H083',5,224,5061,261,0.04,0,88,0,0,27,788,134,0,370,22,0,0,0),('H083',6,235,5397,287,0.05,0,93,0,0,30,880,148,0,370,24,0,0,0),('H083',7,247,5732,312,0.06,0,98,0,0,33,972,161,0,370,25,0,0,0),('H083',8,259,6067,338,0.07,0,103,0,0,36,1064,175,0,370,27,0,0,0),('H083',9,270,6403,363,0.08,0,107,0,0,39,1156,188,0,370,29,0,0,0),('H083',10,281,6738,389,0.09,0,112,0,0,42,1248,202,0,370,30,0,0,0),('H083',11,293,7073,414,0.1,0,117,0,0,45,1340,215,0,370,32,0,0,0),('H083',12,304,7409,440,0.11,0,122,0,0,48,1432,229,0,370,34,0,0,0),('H083',13,316,7744,465,0.12,0,127,0,0,51,1524,242,0,370,35,0,0,0),('H083',14,327,8079,491,0.13,0,131,0,0,54,1616,256,0,370,37,0,0,0),('H083',15,339,8414,516,0.14,0,136,0,0,57,1708,269,0,370,39,0,0,0);
/*!40000 ALTER TABLE `herostats` ENABLE KEYS */;
UNLOCK TABLES;

--
-- Table structure for table `item_effects`
--

DROP TABLE IF EXISTS `item_effects`;
/*!40101 SET @saved_cs_client     = @@character_set_client */;
/*!50503 SET character_set_client = utf8mb4 */;
CREATE TABLE `item_effects` (
  `ItemID` varchar(10) CHARACTER SET utf8mb4 COLLATE utf8mb4_general_ci NOT NULL,
  `EffectType` varchar(50) CHARACTER SET utf8mb4 COLLATE utf8mb4_general_ci NOT NULL,
  `Param1` float DEFAULT NULL,
  `Param2` float DEFAULT NULL,
  `Description` text CHARACTER SET utf8mb4 COLLATE utf8mb4_general_ci,
  PRIMARY KEY (`ItemID`,`EffectType`),
  KEY `idx_effect_type` (`EffectType`),
  CONSTRAINT `fk_item_effects_item` FOREIGN KEY (`ItemID`) REFERENCES `items` (`ItemID`) ON DELETE CASCADE
) ENGINE=InnoDB DEFAULT CHARSET=utf8mb4 COLLATE=utf8mb4_general_ci;
/*!40101 SET character_set_client = @saved_cs_client */;

--
-- Dumping data for table `item_effects`
--

LOCK TABLES `item_effects` WRITE;
/*!40000 ALTER TABLE `item_effects` DISABLE KEYS */;
INSERT INTO `item_effects` VALUES ('I007','Speed_Up',10,NULL,'  +10%'),('I010','Heel',21,35,' 21-35()/42-70() CD 0.3 '),('I011','Stab',10,2,' 10%( 2 )'),('I012','Savior\'s_Edge',40,600,' HP  40% (600-2000)  5   25%  30%  2  (CD 75 )'),('I012','Speed_Up',10,NULL,' 10%'),('I013','Soul_Prison',40,2,' 40%  2  ( 4 )'),('I014','Divine_Intervention',20,1,' HP  20%  1  CD 90 '),('I015','[Bloodthirst]',60,3,' 60%  3 () CD 60 '),('I016','Cripple',30,20,' 30%  20%  3  (CD: 8 )'),('I016','[Sturdy]',40,2,' 40%  2  () CD 90 '),('I017','Dawning_Star',50,2,' 50 (2 )'),('I017','Stab',20,2,' 20% (2 )'),('I018','Armor_Break',60,NULL,' +60'),('I018','Shatter',6,4,' 6% ( 4 )  5  (CD 0.3 )'),('I019','Dragon\'s_Breath',8,0.3,'  8%  HP (CD 0.3 )'),('I020','Gift_of_the_Swift',3,45,'(3-45) 1.5 ()'),('I023','Five_Forces',2,NULL,'(CD 2 )'),('I023','Speed_Up',10,NULL,'  +10%'),('I025','Fenrir\'s_Tooth',50,30,' HP  50%  +30%'),('I026','Electric_Arc',30,135,' 30%  135 (+25% Bonus AD)(, CD 0.35 )'),('I027','Frame\'s_Wrath',10,2,' 10%  2  (5 )'),('I028','Destroyer',40,180,' 40-180 (LV+10)'),('I028','Wind_Walk',10,NULL,' 10% '),('I029','Wound',50,0.35,' 50 () CD: 0.35 '),('I029','[Reach]',150,20,' 150  20%  5  () CD 60 '),('I036','Incantation',50,78,' 50-78    1 ( 50%)'),('I037','Regenerate',4,2,' HP 4%  2  (CD 15 )'),('I039','Spirit_Bond',15,NULL,' 15%'),('I040','Blitz',15,NULL,' 15% '),('I042','Loyalty',1,2,'  1%  2% ( 5 )'),('I043','Incantation',2,1,' 2% HP  1 ( 50%)'),('I044','Sentinel',30,2,' 30%  2 '),('I045','Sentinel',5,30,' 5m  30%'),('I046','Recover',8,2,' HP 8%  2  (CD 10 )'),('I047','Fairy',400,60,' (400+Lv*60)'),('I047','Harmony',8,112,' 8-112 ( Lv)'),('I048','Biting_Cold',25,10,' 25%  10%  2 '),('I049','Frost_Power',5,100,' 5   100 (+30%  AD)  30% ( 20%)  0.5  (CD 0.65 )'),('I049','Resurrect',2,2000,' 2   HP 2000 + (LV  * 100) CD 150  ( 2  1 )'),('I049','War_Rage',10,NULL,' 10%'),('I051','Longevity',4,NULL,' 4% '),('I052','[Pain_Absorb]',30,10,' (HP *30% + HP*10%)  3  ()  70%  3  (CD 60 )'),('I059','Elemental_Edge',30,18,' (30% AD+18% AP)(CD 3 )'),('I061','From_the_Ashes',10,20,' 10%  HP 20%  3 '),('I066','Soul_Prison',40,1.5,' 40%  1.5  ( 3 )'),('I067','Enlightened',1,NULL,' 1% '),('I068','Echo',180,5,'  180 (CD: 5 )'),('I069','Echo',100,40,'  100 (+40% ) CD 5 '),('I070','Kick',35,NULL,' 35%'),('I071','Bide',30,12,' 30   12   110 ( 10 )'),('I071','From_the_Ashes',10,20,' 10%  HP 20%  3 '),('I072','Soul_Eater',25,NULL,' +25%'),('I075','Torture',2,60,'  (2% +60 HP )  3  ( 80 )'),('I078','Enlightenment',1400,NULL,' 1400'),('I080','Ice_Armor',50,230,'(+50% )( 230)'),('I091','Barrier',680,1800,' 680-1800'),('I101','Hunting',20,45,' XP  20% / 45-115  0.5   2 '),('I101','Modest',50,4,' XP  50% ( 4)'),('I103','Hunting',35,60,' XP  35% / 60-172  0.5   2 '),('I103','Incantation',50,78,' 50-78   1 ( 100%)'),('I103','Modest',50,5,'  50%   5'),('I103','Stalk',20,20,' HP +20( 20 )'),('I105','Hunting',35,60,' XP  35% / 60-172  0.5   2 '),('I105','Modest',50,5,'  50%   5'),('I105','Stalk',0.8,20,' +0.8% ( 20 )'),('I106','Curse_Power',35,50,' +ATK35% (+50% )  CD 2 '),('I106','Hunting',35,60,' XP  35% / 60-172  0.5   2 '),('I106','Modest',50,5,'  50%   5'),('I106','Stalk',3,30,' +3  30  ( 30 )'),('I107','Hunting',35,60,' XP  35% / 60-172  0.5   2 '),('I107','Incantation',2,1,' 2% HP  1  ( 100%)'),('I107','Modest',50,5,'  50%   5'),('I107','Stalk',20,30,' HP +20 ( 30 )'),('I108','',60,NULL,'+60'),('I108','Hunting',35,60,' XP  35% / 60-172  0.5   2 '),('I108','Modest',50,5,'  50%   5'),('I108','Stalk',1,30,' +1 ( 30 )'),('I109','Firestorm',15,1,' 15 ( 1  3 LV)   6  (CD 0.3 )'),('I109','Hunting',35,60,' XP  35% / 60-172  0.5   2 '),('I109','Modest',50,5,'  50%   5'),('I109','Stalk',0.8,30,' +0.8% ( 30 )');
/*!40000 ALTER TABLE `item_effects` ENABLE KEYS */;
UNLOCK TABLES;

--
-- Table structure for table `item_passives`
--

DROP TABLE IF EXISTS `item_passives`;
/*!40101 SET @saved_cs_client     = @@character_set_client */;
/*!50503 SET character_set_client = utf8mb4 */;
CREATE TABLE `item_passives` (
  `ItemID` varchar(10) CHARACTER SET utf8mb4 COLLATE utf8mb4_general_ci NOT NULL,
  `PassiveTag` varchar(50) CHARACTER SET utf8mb4 COLLATE utf8mb4_general_ci NOT NULL,
  PRIMARY KEY (`ItemID`,`PassiveTag`),
  KEY `idx_passive_tag` (`PassiveTag`),
  CONSTRAINT `fk_item_passives_item` FOREIGN KEY (`ItemID`) REFERENCES `items` (`ItemID`) ON DELETE CASCADE
) ENGINE=InnoDB DEFAULT CHARSET=utf8mb4 COLLATE=utf8mb4_general_ci;
/*!40101 SET character_set_client = @saved_cs_client */;

--
-- Dumping data for table `item_passives`
--

LOCK TABLES `item_passives` WRITE;
/*!40000 ALTER TABLE `item_passives` DISABLE KEYS */;
INSERT INTO `item_passives` VALUES ('I108',''),('I018','Armor_Break'),('I071','Bide'),('I048','Biting_Cold'),('I040','Blitz'),('I016','Cripple'),('I106','Curse_Power'),('I017','Dawning_Star'),('I028','Destroyer'),('I014','Divine_Intervention'),('I019','Dragon\'s_Breath'),('I068','Echo'),('I069','Echo'),('I026','Electric_Arc'),('I059','Elemental_Edge'),('I067','Enlightened'),('I078','Enlightenment'),('I047','Fairy'),('I025','Fenrir\'s_Tooth'),('I109','Firestorm'),('I023','Five_Forces'),('I027','Frame\'s_Wrath'),('I061','From_the_Ashes'),('I071','From_the_Ashes'),('I049','Frost_Power'),('I020','Gift_of_the_Swift'),('I047','Harmony'),('I010','Heel'),('I101','Hunting'),('I103','Hunting'),('I105','Hunting'),('I106','Hunting'),('I107','Hunting'),('I108','Hunting'),('I109','Hunting'),('I080','Ice_Armor'),('I036','Incantation'),('I043','Incantation'),('I103','Incantation'),('I107','Incantation'),('I070','Kick'),('I051','Longevity'),('I042','Loyalty'),('I101','Modest'),('I103','Modest'),('I105','Modest'),('I106','Modest'),('I107','Modest'),('I108','Modest'),('I109','Modest'),('I046','Recover'),('I037','Regenerate'),('I049','Resurrect'),('I012','Savior\'s_Edge'),('I044','Sentinel'),('I045','Sentinel'),('I018','Shatter'),('I072','Soul_Eater'),('I013','Soul_Prison'),('I066','Soul_Prison'),('I007','Speed_Up'),('I012','Speed_Up'),('I023','Speed_Up'),('I039','Spirit_Bond'),('I011','Stab'),('I017','Stab'),('I103','Stalk'),('I105','Stalk'),('I106','Stalk'),('I107','Stalk'),('I108','Stalk'),('I109','Stalk'),('I075','Torture'),('I049','War_Rage'),('I028','Wind_Walk'),('I029','Wound'),('I015','[Bloodthirst]'),('I052','[Pain_Absorb]');
/*!40000 ALTER TABLE `item_passives` ENABLE KEYS */;
UNLOCK TABLES;

--
-- Table structure for table `item_synergy`
--

DROP TABLE IF EXISTS `item_synergy`;
/*!40101 SET @saved_cs_client     = @@character_set_client */;
/*!50503 SET character_set_client = utf8mb4 */;
CREATE TABLE `item_synergy` (
  `SynergyGroup` varchar(50) CHARACTER SET utf8mb4 COLLATE utf8mb4_general_ci NOT NULL,
  `ItemID` varchar(10) CHARACTER SET utf8mb4 COLLATE utf8mb4_general_ci NOT NULL,
  `BonusValue` float NOT NULL DEFAULT '0',
  PRIMARY KEY (`SynergyGroup`,`ItemID`),
  KEY `idx_synergy_item` (`ItemID`),
  CONSTRAINT `fk_item_synergy_item` FOREIGN KEY (`ItemID`) REFERENCES `items` (`ItemID`) ON DELETE CASCADE
) ENGINE=InnoDB DEFAULT CHARSET=utf8mb4 COLLATE=utf8mb4_general_ci;
/*!40101 SET character_set_client = @saved_cs_client */;

--
-- Dumping data for table `item_synergy`
--

LOCK TABLES `item_synergy` WRITE;
/*!40000 ALTER TABLE `item_synergy` DISABLE KEYS */;
INSERT INTO `item_synergy` VALUES ('','I108',60),('Armor_Break','I018',60),('Barrier','I091',680),('Bide','I071',30),('Biting_Cold','I048',25),('Blitz','I040',15),('Cripple','I016',30),('Curse_Power','I106',35),('Dawning_Star','I017',50),('Destroyer','I028',40),('Divine_Intervention','I014',20),('Dragon\'s_Breath','I019',8),('Echo','I068',180),('Echo','I069',100),('Electric_Arc','I026',30),('Elemental_Edge','I059',30),('Enlightened','I067',1),('Enlightenment','I078',1400),('Fairy','I047',400),('Fenrir\'s_Tooth','I025',50),('Firestorm','I109',15),('Five_Forces','I023',2),('Frame\'s_Wrath','I027',10),('From_the_Ashes','I061',10),('From_the_Ashes','I071',10),('Frost_Power','I049',5),('Gift_of_the_Swift','I020',3),('Harmony','I047',8),('Heel','I010',21),('Hunting','I101',20),('Hunting','I103',35),('Hunting','I105',35),('Hunting','I106',35),('Hunting','I107',35),('Hunting','I108',35),('Hunting','I109',35),('Ice_Armor','I080',50),('Incantation','I036',50),('Incantation','I043',2),('Incantation','I103',50),('Incantation','I107',2),('Kick','I070',35),('Longevity','I051',4),('Loyalty','I042',1),('Modest','I101',50),('Modest','I103',50),('Modest','I105',50),('Modest','I106',50),('Modest','I107',50),('Modest','I108',50),('Modest','I109',50),('Recover','I046',8),('Regenerate','I037',4),('Resurrect','I049',2),('Savior\'s_Edge','I012',40),('Sentinel','I044',30),('Sentinel','I045',5),('Shatter','I018',6),('Soul_Eater','I072',25),('Soul_Prison','I013',40),('Soul_Prison','I066',40),('Speed_Up','I007',10),('Speed_Up','I012',10),('Speed_Up','I023',10),('Spirit_Bond','I039',15),('Stab','I011',10),('Stab','I017',20),('Stalk','I103',20),('Stalk','I105',0.8),('Stalk','I106',3),('Stalk','I107',20),('Stalk','I108',1),('Stalk','I109',0.8),('Torture','I075',2),('War_Rage','I049',10),('Wind_Walk','I028',10),('Wound','I029',50),('[Bloodthirst]','I015',60),('[Pain_Absorb]','I052',30),('[Reach]','I029',150),('[Sturdy]','I016',40);
/*!40000 ALTER TABLE `item_synergy` ENABLE KEYS */;
UNLOCK TABLES;

--
-- Table structure for table `itemcomposition`
--

DROP TABLE IF EXISTS `itemcomposition`;
/*!40101 SET @saved_cs_client     = @@character_set_client */;
/*!50503 SET character_set_client = utf8mb4 */;
CREATE TABLE `itemcomposition` (
  `Composite_ItemID` varchar(10) CHARACTER SET utf8mb4 COLLATE utf8mb4_general_ci NOT NULL,
  `BaseItemID` varchar(10) CHARACTER SET utf8mb4 COLLATE utf8mb4_general_ci NOT NULL,
  `Quantity` int DEFAULT NULL,
  PRIMARY KEY (`Composite_ItemID`,`BaseItemID`),
  KEY `BaseItemID` (`BaseItemID`),
  CONSTRAINT `itemcomposition_ibfk_1` FOREIGN KEY (`Composite_ItemID`) REFERENCES `items` (`ItemID`),
  CONSTRAINT `itemcomposition_ibfk_2` FOREIGN KEY (`BaseItemID`) REFERENCES `items` (`ItemID`)
) ENGINE=InnoDB DEFAULT CHARSET=utf8mb4 COLLATE=utf8mb4_general_ci;
/*!40101 SET character_set_client = @saved_cs_client */;

--
-- Dumping data for table `itemcomposition`
--

LOCK TABLES `itemcomposition` WRITE;
/*!40000 ALTER TABLE `itemcomposition` DISABLE KEYS */;
INSERT INTO `itemcomposition` VALUES ('I006','I001',1),('I007','I001',1),('I007','I002',1),('I008','I002',1),('I009','I001',2),('I010','I002',2),('I011','I002',1),('I011','I005',1),('I012','I001',1),('I012','I007',1),('I012','I032',1),('I013','I006',1),('I013','I034',1),('I013','I057',1),('I014','I001',1),('I014','I005',1),('I015','I003',1),('I015','I004',1),('I015','I006',1),('I016','I006',1),('I016','I030',1),('I016','I057',1),('I017','I003',1),('I017','I010',1),('I017','I011',1),('I018','I009',1),('I018','I030',1),('I018','I057',1),('I019','I004',1),('I019','I005',1),('I019','I010',1),('I020','I003',2),('I020','I006',1),('I021','I001',1),('I021','I009',1),('I021','I057',1),('I022','I004',1),('I022','I006',1),('I023','I005',1),('I023','I007',1),('I023','I030',1),('I024','I003',2),('I024','I008',1),('I025','I006',2),('I026','I002',1),('I026','I003',1),('I026','I010',1),('I027','I003',1),('I027','I008',1),('I028','I001',1),('I028','I005',1),('I028','I009',1),('I029','I002',1),('I029','I003',1),('I029','I010',1),('I035','I030',2),('I036','I031',1),('I037','I031',1),('I037','I032',1),('I038','I031',1),('I038','I057',1),('I039','I031',2),('I040','I031',2),('I040','I035',1),('I041','I005',1),('I041','I031',2),('I042','I031',2),('I042','I035',1),('I043','I033',1),('I043','I034',1),('I043','I036',1),('I044','I035',1),('I044','I039',1),('I045','I038',1),('I045','I039',1),('I045','I054',1),('I046','I030',1),('I046','I033',1),('I046','I037',1),('I047','I030',1),('I047','I032',1),('I047','I037',1),('I048','I031',1),('I048','I032',1),('I048','I035',1),('I049','I006',1),('I049','I031',1),('I050','I030',2),('I050','I038',1),('I051','I034',1),('I051','I035',1),('I051','I057',1),('I052','I031',2),('I052','I034',1),('I058','I053',2),('I059','I053',1),('I059','I057',1),('I060','I053',2),('I061','I053',1),('I061','I055',1),('I062','I053',1),('I062','I055',1),('I063','I053',1),('I063','I057',1),('I064','I053',1),('I064','I057',1),('I064','I060',1),('I065','I053',2),('I065','I060',1),('I066','I034',1),('I066','I057',1),('I066','I058',1),('I067','I056',1),('I067','I057',1),('I067','I062',1),('I068','I053',2),('I069','I053',2),('I069','I068',1),('I070','I058',2),('I071','I053',1),('I071','I057',1),('I071','I061',1),('I072','I030',1),('I072','I057',1),('I072','I063',1),('I073','I010',1),('I073','I058',1),('I074','I034',1),('I074','I058',1),('I075','I034',1),('I075','I057',1),('I075','I068',1),('I076','I053',1),('I076','I056',1),('I076','I059',1),('I077','I030',1),('I077','I057',1),('I077','I060',1),('I078','I058',2),('I079','I053',2),('I079','I058',1),('I080','I034',1),('I080','I057',1),('I080','I058',1),('I082','I031',1),('I082','I081',1),('I083','I032',1),('I083','I081',1),('I084','I002',1),('I084','I081',1),('I085','I081',1),('I086','I057',1),('I086','I081',1),('I087','I081',1),('I089','I030',1),('I089','I088',1),('I090','I030',1),('I090','I088',1),('I091','I030',2),('I091','I089',1),('I092','I030',2),('I092','I089',1),('I093','I030',2),('I093','I089',1),('I094','I030',2),('I094','I089',1),('I095','I030',2),('I095','I089',1),('I096','I030',2),('I096','I090',1),('I097','I030',2),('I097','I090',1),('I098','I030',2),('I098','I090',1),('I099','I030',2),('I099','I090',1),('I100','I030',2),('I100','I090',1),('I102','I101',1),('I103','I101',1),('I104','I101',1),('I105','I101',1),('I106','I059',1),('I106','I102',1),('I107','I030',1),('I107','I031',1),('I107','I103',1),('I108','I005',1),('I108','I057',1),('I108','I104',1),('I109','I002',1),('I109','I004',1),('I109','I105',1);
/*!40000 ALTER TABLE `itemcomposition` ENABLE KEYS */;
UNLOCK TABLES;

--
-- Table structure for table `items`
--

DROP TABLE IF EXISTS `items`;
/*!40101 SET @saved_cs_client     = @@character_set_client */;
/*!50503 SET character_set_client = utf8mb4 */;
CREATE TABLE `items` (
  `ItemID` varchar(10) CHARACTER SET utf8mb4 COLLATE utf8mb4_general_ci NOT NULL,
  `ItemName` varchar(100) CHARACTER SET utf8mb4 COLLATE utf8mb4_general_ci DEFAULT NULL,
  `Class` varchar(50) CHARACTER SET utf8mb4 COLLATE utf8mb4_general_ci DEFAULT NULL,
  `PassiveTag` varchar(50) COLLATE utf8mb4_general_ci DEFAULT NULL,
  `EffectDesc` text COLLATE utf8mb4_general_ci,
  `DamageRatioPhysical` float DEFAULT NULL,
  `DamageRatioMagic` float DEFAULT NULL,
  `Price` int DEFAULT NULL,
  `Phys_ATK` float DEFAULT NULL,
  `HP` int DEFAULT NULL,
  `Phys_Defense` float DEFAULT NULL,
  `Attack_Speed` float DEFAULT NULL,
  `Critical_Rate` float DEFAULT NULL,
  `HP_5_sec` int DEFAULT NULL,
  `Armor_Pierce` float DEFAULT NULL,
  `Life_Steal` float DEFAULT NULL,
  `Magic_Power` float DEFAULT NULL,
  `Max_Mana` int DEFAULT NULL,
  `Magic_Defense` float DEFAULT NULL,
  `Cooldown_Reduction` float DEFAULT NULL,
  `Movement_Speed` float DEFAULT NULL,
  `Mana_5_sec` int DEFAULT NULL,
  `Magic_Pierce` float DEFAULT NULL,
  `Magic_Life_Steal` float DEFAULT NULL,
  `Resistance` float DEFAULT NULL,
  PRIMARY KEY (`ItemID`)
) ENGINE=InnoDB DEFAULT CHARSET=utf8mb4 COLLATE=utf8mb4_general_ci;
/*!40101 SET character_set_client = @saved_cs_client */;

--
-- Dumping data for table `items`
--

LOCK TABLES `items` WRITE;
/*!40000 ALTER TABLE `items` DISABLE KEYS */;
INSERT INTO `items` VALUES ('I001','Short Sword','Attack',NULL,NULL,NULL,NULL,250,20,0,0,0,0,0,0,0,0,0,0,0,0,0,0,0,0),('I002','Dagger','Attack',NULL,NULL,NULL,NULL,290,0,0,0,0.2,0,0,0,0,0,0,0,0,0,0,0,0,0),('I003','Gloves','Attack',NULL,NULL,NULL,NULL,300,0,0,0,0,0.08,0,0,0,0,0,0,0,0,0,0,0,0),('I004','Bloodied Club','Attack',NULL,NULL,NULL,NULL,410,10,0,0,0,0,0,0,0.08,0,0,0,0,0,0,0,0,0),('I005','Chain Hammer','Attack',NULL,NULL,NULL,NULL,450,40,0,0,0,0,0,0,0,0,0,0,0,0,0,0,0,0),('I006','Cleaving Claymore','Attack',NULL,NULL,NULL,NULL,910,80,0,0,0,0,0,0,0,0,0,0,0,0,0,0,0,0),('I007','Arcane Hammer','Attack',NULL,NULL,NULL,NULL,740,25,0,0,0.15,0,0,0,0,0,0,0,0,0,0,0,0,0),('I008','Tempest Blades','Attack',NULL,NULL,NULL,NULL,780,0,0,0,0.25,0,0,0,0,0,0,0,0,0.05,0,0,0,0),('I009','Astral Spear','Attack',NULL,NULL,NULL,NULL,830,50,0,0,0,0,0,0,0,0,0,0,0,0,0,0,0,0),('I010','Shuriken','Attack',NULL,NULL,NULL,NULL,750,0,0,0,0.2,0,0,0,0,0,0,0,0,0,0,0,0,0),('I011','Chaos Bow','Attack',NULL,NULL,NULL,NULL,110,40,0,0,0.1,0,0,0,0,0,0,0,0,0,0,0,0,0),('I012','Uriel\'s Brand','Attack',NULL,NULL,NULL,NULL,2020,60,0,0,0.25,0,0,0,0,0,0,180,0,0,0,0,0,0),('I013','Curse of Death','Attack',NULL,NULL,NULL,NULL,1900,80,800,0,0,0,0,0,0,0,0,0,0.1,0,0,0,0,0),('I014','Death Sickle','Attack',NULL,NULL,NULL,NULL,2000,60,0,0,0,0,0,0,0,0,0,0,0.05,0,0,0,0,0),('I015','Bow of Slaughter','Attack',NULL,NULL,NULL,NULL,2250,90,0,0,0,0.1,0,0,0.1,0,0,0,0,0,0,0,0,0),('I016','The Diminisher','Attack',NULL,NULL,NULL,NULL,2120,100,0,0,0,0,0,0,0,0,0,0,0.1,0,0,0,0,0),('I017','The Morning Star','Attack',NULL,NULL,NULL,NULL,2980,50,0,0,0.3,0.1,0,0,0,0,0,0,0,0,0,0,0,0),('I018','Spear of Longinus','Attack',NULL,NULL,NULL,NULL,2030,80,500,0,0,0,0,0,0,0,0,0,0.15,0,0,0,0,0),('I019','Fafnir\'s Talon','Attack',NULL,NULL,NULL,NULL,2040,60,0,0,0.3,0,0,0,0,0,0,0,0,0,0,0,0,0),('I020','Claves Sancti','Attack',NULL,NULL,NULL,NULL,2120,100,0,0,0,0,0,0,0,0,0,0,0,0,0,0,0,0),('I021','Muramasa','Attack',NULL,NULL,NULL,NULL,2020,75,0,0,0,0,0,0,0,0,0,0,0.1,0,0,0,0,0),('I022','The Beast','Attack',NULL,NULL,NULL,NULL,1740,100,0,0,0,0,0,0,0,0,0,0,0,0,0,0,0,0),('I023','Omni Arms','Attack',NULL,NULL,NULL,NULL,2150,70,600,0,0.15,0,0,0,0,0,0,0,0.1,0,0,0,0,0),('I024','Slikk\'s String','Attack',NULL,NULL,NULL,NULL,1920,0,0,0,0.35,0.25,0,0,0,0,0,0,0,0.07,0,0,0,0),('I025','Fenrir\'s Tooth','Attack',NULL,NULL,NULL,NULL,2950,200,0,0,0,0,0,0,0,0,0,0,0,0,0,0,0,0),('I026','Blitz Blade','Attack',NULL,NULL,NULL,NULL,1900,0,0,0,0.35,0.15,0,0,0,0,0,0,0,0.05,0,0,0,0),('I027','Ifrit\'s Claw','Attack',NULL,NULL,NULL,NULL,1960,0,0,0,0.3,0.2,0,0,0,0,0,0,0,0.05,0,0,0,0),('I028','Broken Spears','Attack',NULL,NULL,NULL,NULL,1900,110,0,0,0,0,0,0,0,0,0,0,0,0,0,0,0,0),('I029','Eclipsing Bow','Attack',NULL,NULL,NULL,NULL,2000,0,0,0,0.3,0.1,0,0,0,0,0,0,0,0.05,0,0,0,0),('I030','Ring of Vitality','Defense',NULL,NULL,NULL,NULL,300,0,300,0,0,0,0,0,0,0,0,0,0,0,0,0,0,0),('I031','Light Armor','Defense',NULL,NULL,NULL,NULL,220,0,0,90,0,0,0,0,0,0,0,0,0,0,0,0,0,0),('I032','Gladitor Gauntlets','Defense',NULL,NULL,NULL,NULL,220,0,0,0,0,0,0,0,0,0,0,90,0,0,0,0,0,0),('I033','Tailsman of Strenght','Defense',NULL,NULL,NULL,NULL,140,0,0,0,0,0,30,0,0,0,0,0,0,0,0,0,0,0),('I034','Necklace of Vitality','Defense',NULL,NULL,NULL,NULL,540,0,600,0,0,0,0,0,0,0,0,0,0,0,0,0,0,0),('I035','Greaves of Protection','Defense',NULL,NULL,NULL,NULL,900,0,1000,0,0,0,0,0,0,0,0,0,0,0,0,0,0,0),('I036','Heart of Incubus','Defense',NULL,NULL,NULL,NULL,720,0,0,150,0,0,0,0,0,0,0,0,0,0,0,0,0,0),('I037','Belt of Clarity','Defense',NULL,NULL,NULL,NULL,1000,0,700,0,0,0,0,0,0,0,0,110,0,0,0,0,0,0),('I038','Platinum Gauntlets','Defense',NULL,NULL,NULL,NULL,660,0,0,110,0,0,0,0,0,0,0,0,0.1,0,0,0,0,0),('I039','Knight\'s Plate','Defense',NULL,NULL,NULL,NULL,730,0,0,210,0,0,0,0,0,0,0,0,0,0,0,0,0,0),('I040','Mail of Pain','Defense',NULL,NULL,NULL,NULL,1940,0,1200,300,0,0,0,0,0,0,0,0,0,0,0,0,0,0),('I041','Hercules\' Madness','Defense',NULL,NULL,NULL,NULL,2080,80,0,180,0,0,0,0,0,0,0,0,0,0,0,0,0,0),('I042','Odin\'s Will','Defense',NULL,NULL,NULL,NULL,1900,0,1200,225,0,0,0,0,0,0,0,0,0,0.05,0,0,0,0),('I043','Mantle of Ra','Defense',NULL,NULL,NULL,NULL,1900,0,1000,225,0,0,60,0,0,0,0,0,0,0,0,0,0,0),('I044','Shield of the Lost','Defense',NULL,NULL,NULL,NULL,2100,0,1200,275,0,0,0,0,0,0,0,0,0,0,0,0,0,0),('I045','The Aegis','Defense',NULL,NULL,NULL,NULL,2180,0,0,360,0,0,0,0,0,0,400,0,0.2,0,0,0,0,0),('I046','Gaia\'s Standard','Defense',NULL,NULL,NULL,NULL,1960,0,1200,0,0,0,0,0,0,0,0,200,0,0.05,0,0,0,0),('I047','Medallion of Troy','Defense',NULL,NULL,NULL,NULL,2320,0,1000,0,0,0,0,0,0,0,0,200,0.1,0,0,0,0,0),('I048','Hyoga\'s Edge','Defense',NULL,NULL,NULL,NULL,1920,0,1200,100,0,0,0,0,0,0,0,100,0,0,0,0,0,0),('I049','Blade of Eternity','Defense',NULL,NULL,NULL,NULL,2400,0,0,120,0,0,0,0,0,0,0,0,0,0,0,0,0,0),('I050','Frost Cape','Defense',NULL,NULL,NULL,NULL,1970,0,800,200,0,0,0,0,0,0,0,0,0.1,0,0,0,0,0),('I051','Amulet of Longevity','Defense',NULL,NULL,NULL,NULL,1980,0,2000,0,0,0,0,0,0,0,0,0,0.1,0,0,0,0,0),('I052','Rock Shield','Defense',NULL,NULL,NULL,NULL,1980,0,1000,240,0,0,0,0,0,0,0,0,0,0,0,0,0,0),('I053','Spell Tome','Magic',NULL,NULL,NULL,NULL,300,0,0,0,0,0,0,0,0,40,0,0,0,0,0,0,0,0),('I054','Lapis Ring','Magic',NULL,NULL,NULL,NULL,220,0,0,0,0,0,0,0,0,0,300,0,0,0,0,0,0,0),('I055','Pendant of Faith','Magic',NULL,NULL,NULL,NULL,120,0,0,0,0,0,0,0,0,0,0,0,0,0,10,0,0,0),('I056','Ancient Scriptures','Magic',NULL,NULL,NULL,NULL,540,0,0,0,0,0,0,0,0,80,0,0,0,0,0,0,0,0),('I057','Magic Ring','Magic',NULL,NULL,NULL,NULL,300,0,0,0,0,0,0,0,0,0,0,0,0.05,0,0,0,0,0),('I058','Enchanted Scroll','Magic',NULL,NULL,NULL,NULL,820,0,0,0,0,0,0,0,0,120,0,0,0,0,0,0,0,0),('I059','Trick Blade','Magic',NULL,NULL,NULL,NULL,820,0,0,0,0,0,0,0,0,40,0,0,0.1,0,0,0,0,0),('I060','Spoonky Mask','Magic',NULL,NULL,NULL,NULL,960,0,0,0,0,0,0,0,0,100,0,0,0,0,0,0,0,0),('I061','Phoenix Tear','Magic',NULL,NULL,NULL,NULL,500,0,0,0,0,0,0,0,0,50,0,0,0,0,0,0,0,0),('I062','Virtue\'s Bracelet','Magic',NULL,NULL,NULL,NULL,720,0,0,0,0,0,0,0,0,60,0,0,0.05,0,20,0,0,0),('I063','Vlad\'s Impaler','Magic',NULL,NULL,NULL,NULL,900,0,0,0,0,0,0,0,0,60,0,0,0.05,0,0,0,0,0),('I064','Staff of Nuul','Magic',NULL,NULL,NULL,NULL,2050,0,0,0,0,0,0,0,0,180,0,0,0.1,0,0,0,0,0),('I065','Evil Secrets','Magic',NULL,NULL,NULL,NULL,1980,0,0,0,0,0,0,0,0,180,0,0,0,0,0,0,0,0),('I066','Soul Scroll','Magic',NULL,NULL,NULL,NULL,1900,0,600,0,0,0,0,0,0,140,0,0,0.1,0,0,0,0,0),('I067','Virtue\'s Necklace','Magic',NULL,NULL,NULL,NULL,1800,0,0,0,0,0,0,0,0,160,0,0,0.15,0,25,0,0,0),('I068','Orrery','Magic',NULL,NULL,NULL,NULL,800,0,0,0,0,0,0,0,0,80,0,0,0,0,0,0,0,0),('I069','Boomstick','Magic',NULL,NULL,NULL,NULL,1800,0,0,0,0,0,0,0,0,200,0,0,0,0.05,0,0,0,0),('I070','Hecate\'s Diadem','Magic',NULL,NULL,NULL,NULL,2400,0,0,0,0,0,0,0,0,240,0,0,0,0,0,0,0,0),('I071','Orb of the Magi','Magic',NULL,NULL,NULL,NULL,1900,0,0,0,0,0,0,0,0,140,0,0,0.1,0,0,0,0,0),('I072','Rhea\'s Blessing','Magic',NULL,NULL,NULL,NULL,2050,0,600,0,0,0,0,0,0,140,0,0,0.1,0,0,0,0,0),('I073','Zewihander','Magic',NULL,NULL,NULL,NULL,1900,0,0,0,0.2,0,0,0,0,180,0,0,0,0.05,0,0,0,0),('I074','Frosty Revenge','Magic',NULL,NULL,NULL,NULL,2020,0,850,0,0,0,0,0,0,140,0,0,0,0.05,0,0,0,0),('I075','Berith\'s Agony','Magic',NULL,NULL,NULL,NULL,1800,0,600,0,0,0,0,0,0,140,0,0,0.1,0,0,0,0,0),('I076','Apocalypse','Magic',NULL,NULL,NULL,NULL,1900,0,0,0,0,0,0,0,0,180,0,0,0.1,0.05,0,0,0,0),('I077','Soring Aura','Magic',NULL,NULL,NULL,NULL,2100,0,600,0,0,0,0,0,0,140,0,0,0.1,0,0,0,0,0),('I078','Holy of Holies','Magic',NULL,NULL,NULL,NULL,2990,0,0,0,0,0,0,0,0,400,0,0,0,0,0,0,0,0),('I079','Arctic Orbs','Magic',NULL,NULL,NULL,NULL,2200,0,0,0,0,0,0,0,0,240,0,0,0,0,0,0,0,0),('I080','Frostguard','Magic',NULL,NULL,NULL,NULL,2100,0,600,0,0,0,0,0,0,140,0,0,0.05,0,0,0,0,0),('I081','Boots of Speed','Movement',NULL,NULL,NULL,NULL,250,0,0,0,0,0,0,0,0,0,0,0,0,30,0,0,0,0),('I082','Sonic Boots','Movement',NULL,NULL,NULL,NULL,700,0,0,110,0,0,0,0,0,0,0,0,0,60,0,0,0,0),('I083','Gilded Greaves','Movement',NULL,NULL,NULL,NULL,700,0,0,0,0,0,0,0,0,0,0,90,60,0,0,0,0,0.35),('I084','Flashy Boots','Movement',NULL,NULL,NULL,NULL,700,0,0,0,0,0,0,0,0,0,0,0,0.15,60,0,0,0,0),('I085','Enchanted Kicks','Movement',NULL,NULL,NULL,NULL,700,0,0,0,0,0,0,0,0,0,0,0,0,60,0,0,0,0),('I086','War Boots','Movement',NULL,NULL,NULL,NULL,700,0,0,0,0.25,0,0,0,0,0,0,0,0,60,0,75,0,0),('I087','Hermes\'s Select','Movement',NULL,NULL,NULL,NULL,700,0,0,0,0,0,0,0,0,0,0,0,0,60,0,0,0,0),('I088','Elemental Stone','Support',NULL,NULL,NULL,NULL,300,0,0,0,0,0,0,0,0,0,0,0,0,0.05,0,0,0,0),('I089','Earth Gem','Support',NULL,NULL,NULL,NULL,900,0,400,0,0,0,0,0,0,0,0,0,0.05,0.05,0,0,0,0),('I090','Fire Gem','Support',NULL,NULL,NULL,NULL,900,20,0,0,0,0,0,0,0,0,0,0,0.05,0.05,0,0,0,0),('I091','Mother Earth: Barrier','Support',NULL,NULL,NULL,NULL,1600,0,400,0,0,0,0,0,0,0,0,0,0.1,0.05,0,0,0,0),('I092','Mother Earth: Magic Eye','Support',NULL,NULL,NULL,NULL,1600,0,400,0,0,0,0,0,0,0,0,0,0.1,0.05,0,0,0,0),('I093','Mother Earth: Accelerate','Support',NULL,NULL,NULL,NULL,1600,0,400,0,0,0,0,0,0,0,0,0,0.1,0.05,0,0,0,0),('I094','Mother Earth: Cleansing','Support',NULL,NULL,NULL,NULL,1600,0,400,0,0,0,0,0,0,0,0,0,0.1,0.05,0,0,0,0),('I095','Mother Earth: Rejuvenate','Support',NULL,NULL,NULL,NULL,1600,0,400,0,0,0,0,0,0,0,0,0,0.1,0.05,0,0,0,0),('I096','Wildfire: Barrier','Support',NULL,NULL,NULL,NULL,1600,0,600,0,0.05,0,0,0,0,0,0,0,0,0,0,0,0,0),('I097','Wildfire: Magic Eye','Support',NULL,NULL,NULL,NULL,1600,0,600,0,0.05,0,0,0,0,0,0,0,0,0,0,0,0,0),('I098','Wildfire: Accelerate','Support',NULL,NULL,NULL,NULL,1600,0,600,0,0.05,0,0,0,0,0,0,0,0,0,0,0,0,0),('I099','Wildfire: Cleansing','Support',NULL,NULL,NULL,NULL,1600,0,600,0,0.05,0,0,0,0,0,0,0,0,0,0,0,0,0),('I100','Wildfire: Rejuvenate','Support',NULL,NULL,NULL,NULL,1600,0,600,0,0.05,0,0,0,0,0,0,0,0,0,0,0,0,0),('I101','Hunter\'s Knife','Jungle',NULL,NULL,NULL,NULL,250,10,0,0,0,0,0,0,0,0,0,0,0,0,0,0,0,0),('I102','Monster\'s Bane','Jungle',NULL,NULL,NULL,NULL,750,0,0,0,0,0,0,0,0,40,0,0,0,0,0,0,0,0),('I103','Gnoll Cleaver','Jungle',NULL,NULL,NULL,NULL,750,0,0,0,0,0,0,0,0,0,0,0,0,0,0,0,0,0),('I104','Mr. Stabby','Jungle',NULL,NULL,NULL,NULL,750,20,0,0,0,0,0,0,0,0,0,0,0,0,0,0,0,0),('I105','Stormy Bow','Jungle',NULL,NULL,NULL,NULL,750,20,0,0,0,0,0,0,0,0,0,0,0,0,0,0,0,0),('I106','Loki\'s Curse','Jungle',NULL,NULL,NULL,NULL,1750,0,0,0,0,0,0,0,0,140,0,0,0.1,0,0,0,0,0),('I107','Leviathan','Jungle',NULL,NULL,NULL,NULL,1750,0,600,120,0,0,0,0,0,0,0,0,0,0,0,0,0,0),('I108','Soulreaver','Jungle',NULL,NULL,NULL,NULL,1750,80,0,0,0,0,0,0,0,0,0,0,0.1,0,0,0,0,0),('I109','FireStorm Bow','Jungle',NULL,NULL,NULL,NULL,1750,30,0,0,0.2,0,0,0,0.1,0,0,0,0,0,0,0,0,0);
/*!40000 ALTER TABLE `items` ENABLE KEYS */;
UNLOCK TABLES;

--
-- Dumping routines for database 'rov'
--
/*!40103 SET TIME_ZONE=@OLD_TIME_ZONE */;

/*!40101 SET SQL_MODE=@OLD_SQL_MODE */;
/*!40014 SET FOREIGN_KEY_CHECKS=@OLD_FOREIGN_KEY_CHECKS */;
/*!40014 SET UNIQUE_CHECKS=@OLD_UNIQUE_CHECKS */;
/*!40101 SET CHARACTER_SET_CLIENT=@OLD_CHARACTER_SET_CLIENT */;
/*!40101 SET CHARACTER_SET_RESULTS=@OLD_CHARACTER_SET_RESULTS */;
/*!40101 SET COLLATION_CONNECTION=@OLD_COLLATION_CONNECTION */;
/*!40111 SET SQL_NOTES=@OLD_SQL_NOTES */;

-- Dump completed on 2025-04-22 16:19:44
