hero_id,level,physical_attack,magic_power,physical_degense,Magic_Defense,hp,max_mana,attack_speed,movement_speed,cooldown_reduction,critical_rate,armor_pierce,magic_pierce,life_steal,magic_life_steal,hp_5_sec,mana_5_sec,resistance
H001,1,169,15,140,50,3475,490,0,360,0,0,18,18,0,0,45,18,0
H001,2,178,18,158,63,3742,597,0.01,360,0,0,21,21,0,0,46,19,0
H001,3,188,21,177,77,4009,704,0.02,360,0,0,24,24,0,0,48,21,0
H001,4,198,24,196,90,4276,811,0.03,360,0,0,27,27,0,0,50,23,0
H001,5,208,27,215,104,4543,918,0.04,360,0,0,30,30,0,0,52,25,0
H001,6,218,30,234,117,4810,1025,0.05,360,0,0,33,33,0,0,54,27,0
H001,7,228,33,253,130,5077,1132,0.06,360,0,0,36,36,0,0,56,29,0
H001,8,238,36,272,144,5344,1239,0.07,360,0,0,39,39,0,0,58,31,0
H001,9,247,39,290,157,5611,1346,0.08,360,0,0,42,42,0,0,59,32,0
H001,10,257,42,309,171,5878,1453,0.09,360,0,0,45,45,0,0,61,34,0
H001,11,267,45,328,184,6145,1560,0.1,360,0,0,48,48,0,0,63,36,0
H001,12,277,48,347,198,6412,1667,0.11,360,0,0,51,51,0,0,65,38,0
H001,13,287,51,366,211,6679,1774,0.12,360,0,0,54,54,0,0,67,40,0
H001,14,296,54,384,225,6946,1881,0.13,360,0,0,57,57,0,0,68,41,0
H001,15,306,57,403,238,7213,1988,0.14,360,0,0,60,60,0,0,70,43,0
H002,1,170,15,130,80,3558,470,0,360,0,0,0,0,0,0,55,17,0
H002,2,180,18,150,93,3813,574,0.01,360,0,0,0,0,0,0,57,18,0
H002,3,191,21,170,107,4069,678,0.02,360,0,0,0,0,0,0,60,20,0
H002,4,202,24,190,120,4325,782,0.03,360,0,0,0,0,0,0,63,22,0
H002,5,213,27,210,134,4581,886,0.04,360,0,0,0,0,0,0,66,24,0
H002,6,224,30,230,147,4837,990,0.05,360,0,0,0,0,0,0,69,26,0
H002,7,235,33,250,160,5093,1094,0.06,360,0,0,0,0,0,0,72,28,0
H002,8,246,36,270,174,5349,1198,0.07,360,0,0,0,0,0,0,75,30,0
H002,9,256,39,290,187,5604,1302,0.08,360,0,0,0,0,0,0,77,31,0
H002,10,267,42,310,201,5860,1406,0.09,360,0,0,0,0,0,0,80,33,0
H002,11,278,45,330,214,6116,1510,0.1,360,0,0,0,0,0,0,83,35,0
H002,12,289,48,350,228,6372,1614,0.11,360,0,0,0,0,0,0,86,37,0
H002,13,300,51,370,241,6628,1718,0.12,360,0,0,0,0,0,0,89,39,0
H002,14,310,54,390,255,6883,1822,0.13,360,0,0,0,0,0,0,91,40,0
H002,15,321,57,410,268,7139,1926,0.14,360,0,0,0,0,0,0,94,42,0
H003,1,,,,,,,,,,,,,,,,,
H003,2,,,,,,,,,,,,,,,,,
H003,3,,,,,,,,,,,,,,,,,
H003,4,,,,,,,,,,,,,,,,,
H003,5,,,,,,,,,,,,,,,,,
H003,6,,,,,,,,,,,,,,,,,
H003,7,,,,,,,,,,,,,,,,,
H003,8,,,,,,,,,,,,,,,,,
H003,9,,,,,,,,,,,,,,,,,
H003,10,,,,,,,,,,,,,,,,,
H003,11,,,,,,,,,,,,,,,,,
H003,12,,,,,,,,,,,,,,,,,
H003,13,,,,,,,,,,,,,,,,,
H003,14,,,,,,,,,,,,,,,,,
H003,15,,,,,,,,,,,,,,,,,
H004,1,196,27,134,80,3585,440,0,370,0,0,0,0,0,0,50,15,0
H004,2,213,30,157,93,3863,535,0.03,370,0,0,0,0,0,0,51,16,0
H004,3,231,33,181,107,4142,630,0.06,370,0,0,0,0,0,0,53,18,0
H004,4,248,36,204,120,4421,725,0.09,370,0,0,0,0,0,0,55,19,0
H004,5,266,39,228,134,4700,820,0.12,370,0,0,0,0,0,0,57,21,0
H004,6,284,42,252,147,4979,915,0.15,370,0,0,0,0,0,0,59,22,0
H004,7,301,45,275,160,5258,1010,0.18,370,0,0,0,0,0,0,61,23,0
H004,8,319,48,299,174,5537,1105,0.21,370,0,0,0,0,0,0,63,25,0
H004,9,336,51,322,187,5815,1200,0.24,370,0,0,0,0,0,0,64,26,0
H004,10,354,54,346,201,6094,1295,0.27,370,0,0,0,0,0,0,66,28,0
H004,11,371,57,369,214,6373,1390,0.3,370,0,0,0,0,0,0,68,29,0
H004,12,389,60,393,228,6652,1485,0.33,370,0,0,0,0,0,0,70,31,0
H004,13,406,63,416,241,6931,1580,0.36,370,0,0,0,0,0,0,72,32,0
H004,14,424,66,440,255,7209,1675,0.39,370,0,0,0,0,0,0,73,34,0
H004,15,441,69,463,268,7488,1770,0.42,370,0,0,0,0,0,0,75,35,0
H005,1,,,,,,,,,,,,,,,,,
H005,2,,,,,,,,,,,,,,,,,
H005,3,,,,,,,,,,,,,,,,,
H005,4,,,,,,,,,,,,,,,,,
H005,5,,,,,,,,,,,,,,,,,
H005,6,,,,,,,,,,,,,,,,,
H005,7,,,,,,,,,,,,,,,,,
H005,8,,,,,,,,,,,,,,,,,
H005,9,,,,,,,,,,,,,,,,,
H005,10,,,,,,,,,,,,,,,,,
H005,11,,,,,,,,,,,,,,,,,
H005,12,,,,,,,,,,,,,,,,,
H005,13,,,,,,,,,,,,,,,,,
H005,14,,,,,,,,,,,,,,,,,
H005,15,,,,,,,,,,,,,,,,,
H006,1,177,0,137,80,3475,0,0,350,0,0,18,18,0,0,46,0,0
H006,2,189,0,155,93,3707,0,0.01,350,0,0,21,21,0,0,48,0,0
H006,3,202,0,173,107,3940,0,0.02,350,0,0,24,24,0,0,50,0,0
H006,4,215,0,191,120,4172,0,0.03,350,0,0,27,27,0,0,52,0,0
H006,5,228,0,209,134,4405,0,0.04,350,0,0,30,30,0,0,54,0,0
H006,6,241,0,227,147,4638,0,0.05,350,0,0,33,33,0,0,56,0,0
H006,7,254,0,245,160,4870,0,0.06,350,0,0,36,36,0,0,58,0,0
H006,8,267,0,263,174,5103,0,0.07,350,0,0,39,39,0,0,60,0,0
H006,9,279,0,281,187,5335,0,0.08,350,0,0,42,42,0,0,62,0,0
H006,10,292,0,299,201,5568,0,0.09,350,0,0,45,45,0,0,64,0,0
H006,11,305,0,317,214,5800,0,0.1,350,0,0,48,48,0,0,66,0,0
H006,12,318,0,335,228,6033,0,0.11,350,0,0,51,51,0,0,68,0,0
H006,13,331,0,353,241,6265,0,0.12,350,0,0,54,54,0,0,70,0,0
H006,14,343,0,371,255,6498,0,0.13,350,0,0,57,57,0,0,72,0,0
H006,15,356,0,389,268,6730,0,0.14,350,0,0,60,60,0,0,74,0,0
H007,1,177,12,134,80,3379,100,0,350,0,0,18,18,0,0,47,0,0
H007,2,194,12,152,93,3634,100,0,350,0,0,21,21,0,0,49,0,0
H007,3,212,12,171,107,3890,100,0,350,0,0,24,24,0,0,51,0,0
H007,4,229,12,189,120,4146,100,0,350,0,0,27,27,0,0,53,0,0
H007,5,247,12,208,133.5,4401,100,0,350,0,0,30,30,0,0,55,0,0
H007,6,265,12,227,146.9,4657,100,0,350,0,0,33,33,0,0,57,0,0
H007,7,282,12,245,160.3,4912,100,0,350,0,0,36,36,0,0,59,0,0
H007,8,299,12,263,173.7,5168,100,0,350,0,0,39,39,0,0,61,0,0
H007,9,317,12,282,187.1,5424,100,0,350,0,0,42,42,0,0,63,0,0
H007,10,335,12,301,200.5,5680,100,0,350,0,0,45,45,0,0,65,0,0
H007,11,352,12,319,213.9,5935,100,0,350,0,0,48,48,0,0,67,0,0
H007,12,370,12,338,227.3,6191,100,0,350,0,0,51,51,0,0,69,0,0
H007,13,387,12,356,240.7,6447,100,0,350,0,0,54,54,0,0,71,0,0
H007,14,405,12,375,254.1,6702,100,0,350,0,0,57,57,0,0,73,0,0
H007,15,423,12,394,267.5,6958,100,0,350,0,0,60,60,0,0,75,0,0
H008,1,172,0,133,80,3360,0,0.6,380,0,0,0,0,0,0,55,0,0
H008,2,187,0,153,93,3660,0,0.62,380,0,0,0,0,0,0,57,0,0
H008,3,202,0,173,107,3960,0,0.64,380,0,0,0,0,0,0,59,0,0
H008,4,217,0,193,120,4260,0,0.66,380,0,0,0,0,0,0,61,0,0
H008,5,233,0,213,134,4560,0,0.68,380,0,0,0,0,0,0,63,0,0
H008,6,248,0,233,147,4860,0,0.7,380,0,0,0,0,0,0,65,0,0
H008,7,263,0,253,161,5160,0,0.72,380,0,0,0,0,0,0,68,0,0
H008,8,278,0,273,175,5460,0,0.74,380,0,0,0,0,0,0,70,0,0
H008,9,293,0,293,188,5760,0,0.76,380,0,0,0,0,0,0,72,0,0
H008,10,308,0,313,201,6060,0,0.78,380,0,0,0,0,0,0,74,0,0
H008,11,324,0,333,215,6360,0,0.8,380,0,0,0,0,0,0,76,0,0
H008,12,339,0,353,228,6660,0,0.82,380,0,0,0,0,0,0,78,0,0
H008,13,354,0,373,242,6960,0,0.84,380,0,0,0,0,0,0,81,0,0
H008,14,369,0,393,255,7260,0,0.86,380,0,0,0,0,0,0,83,0,0
H008,15,384,0,413,269,7560,0,0.88,380,0,0,0,0,0,0,85,0,0
H009,1,188,27,135,80,3535,0,0,360,0,0,0,0,0,0,61,0,0
H009,2,204,30,156,93,3807,0,0.03,360,0,0,0,0,0,0,62,0,0
H009,3,221,33,177,107,4079,0,0.06,360,0,0,0,0,0,0,64,0,0
H009,4,238,36,198,120,4351,0,0.09,360,0,0,0,0,0,0,66,0,0
H009,5,255,39,219,134,4623,0,0.12,360,0,0,0,0,0,0,68,0,0
H009,6,272,42,241,147,4895,0,0.15,360,0,0,0,0,0,0,70,0,0
H009,7,288,45,262,161,5167,0,0.18,360,0,0,0,0,0,0,72,0,0
H009,8,305,48,283,175,5439,0,0.21,360,0,0,0,0,0,0,74,0,0
H009,9,322,51,304,188,5711,0,0.24,360,0,0,0,0,0,0,76,0,0
H009,10,339,54,326,201,5983,0,0.27,360,0,0,0,0,0,0,78,0,0
H009,11,356,57,347,215,6255,0,0.3,360,0,0,0,0,0,0,80,0,0
H009,12,372,60,368,228,6527,0,0.33,360,0,0,0,0,0,0,81,0,0
H009,13,389,63,389,242,6799,0,0.36,360,0,0,0,0,0,0,83,0,0
H009,14,406,66,410,255,7071,0,0.39,360,0,0,0,0,0,0,85,0,0
H009,15,423,69,431,269,7343,0,0.42,360,0,0,0,0,0,0,87,0,0
H010,1,169,15,147,80,3657,0,0,380,0,0,0,0,0,0,61,0,0
H010,2,182,18,171,93,4010,0,0.03,380,0,0,0,0,0,0,64,0,0
H010,3,196,21,196,107,4364,0,0.06,380,0,0,0,0,0,0,67,0,0
H010,4,209,24,221,120,4717,0,0.09,380,0,0,0,0,0,0,71,0,0
H010,5,223,27,245,134,5072,0,0.12,380,0,0,0,0,0,0,74,0,0
H010,6,237,30,269,148,5426,0,0.15,380,0,0,0,0,0,0,78,0,0
H010,7,250,33,294,161,5779,0,0.18,380,0,0,0,0,0,0,81,0,0
H010,8,264,36,319,175,6133,0,0.21,380,0,0,0,0,0,0,84,0,0
H010,9,277,39,343,188,6487,0,0.24,380,0,0,0,0,0,0,88,0,0
H010,10,291,42,368,202,6841,0,0.27,380,0,0,0,0,0,0,91,0,0
H010,11,304,45,392,215,7194,0,0.3,380,0,0,0,0,0,0,94,0,0
H010,12,318,48,417,229,7548,0,0.33,380,0,0,0,0,0,0,98,0,0
H010,13,331,51,442,242,7902,0,0.36,380,0,0,0,0,0,0,101,0,0
H010,14,345,54,466,256,8256,0,0.39,380,0,0,0,0,0,0,104,0,0
H010,15,358,57,491,269,8610,0,0.42,380,0,0,0,0,0,0,107,0,0
H011,1,183,27,135,80,3400,0,0,360,0,0,0,0,0,0,50,0,0
H011,2,200,30,155,93,3660,0,0.03,360,0,0,0,0,0,0,52,0,0
H011,3,217,33,175,107,3920,0,0.06,360,0,0,0,0,0,0,54,0,0
H011,4,234,36,195,120,4180,0,0.09,360,0,0,0,0,0,0,56,0,0
H011,5,251,39,215,134,4440,0,0.12,360,0,0,0,0,0,0,58,0,0
H011,6,268,42,235,147,4700,0,0.15,360,0,0,0,0,0,0,60,0,0
H011,7,285,45,255,161,4960,0,0.18,360,0,0,0,0,0,0,62,0,0
H011,8,302,48,275,175,5220,0,0.21,360,0,0,0,0,0,0,64,0,0
H011,9,319,51,295,188,5480,0,0.24,360,0,0,0,0,0,0,66,0,0
H011,10,336,54,315,201,5740,0,0.27,360,0,0,0,0,0,0,68,0,0
H011,11,353,57,335,215,6000,0,0.3,360,0,0,0,0,0,0,70,0,0
H011,12,370,60,355,228,6260,0,0.33,360,0,0,0,0,0,0,72,0,0
H011,13,387,63,375,242,6520,0,0.36,360,0,0,0,0,0,0,74,0,0
H011,14,404,66,395,255,6780,0,0.39,360,0,0,0,0,0,0,76,0,0
H011,15,421,69,415,269,7040,0,0.42,360,0,0,0,0,0,0,78,0,0
H012,1,175,15,134,80,3660,450,0,380,0,0,18,18,0,0.2,55,18,0
H012,2,192,18,157,93,3942,565,0.03,380,0,0,21,21,0,0.2,58,19,0
H012,3,209,21,174,107,4224,680,0.06,380,0,0,24,24,0,0.2,61,21,0
H012,4,226,24,194,120,4506,795,0.09,380,0,0,27,27,0,0.2,64,23,0
H012,5,243,25,214,134,4788,910,0.12,380,0,0,30,30,0,0.2,67,25,0
H012,6,260,28,234,147,5070,1025,0.15,380,0,0,33,33,0,0.2,70,27,0
H012,7,277,30,254,161,5352,1140,0.18,380,0,0,36,36,0,0.2,73,29,0
H012,8,294,33,274,175,5634,1255,0.21,380,0,0,39,39,0,0.2,76,31,0
H012,9,311,35,294,188,5916,1370,0.24,380,0,0,42,42,0,0.2,79,33,0
H012,10,328,38,313,201,6198,1485,0.27,380,0,0,45,45,0,0.2,82,35,0
H012,11,345,40,333,215,6480,1600,0.3,380,0,0,48,48,0,0.2,85,37,0
H012,12,362,43,353,228,6762,1715,0.33,380,0,0,51,51,0,0.2,88,38,0
H012,13,379,45,373,242,7044,1830,0.36,380,0,0,54,54,0,0.2,91,40,0
H012,14,396,48,392,255,7326,1945,0.39,380,0,0,57,57,0,0.2,94,42,0
H012,15,413,51,412,269,7608,2060,0.42,380,0,0,60,60,0,0.2,97,44,0
H013,1,160,0,131,80,3000,600,0,360,0,0,18,18,0,0,57,19,0.13
H013,2,169,0,149,93,3235,720,0.01,360,0,0,21,21,0,0,55,20,0.13
H013,3,179,0,168,107,3470,840,0.02,360,0,0,24,24,0,0,61,22,0.13
H013,4,188,0,187,120,3705,960,0.03,360,0,0,27,27,0,0,63,24,0.13
H013,5,198,0,206,134,3940,1080,0.04,360,0,0,30,30,0,0,65,26,0.13
H013,6,208,0,225,147,4175,1200,0.05,360,0,0,33,33,0,0,67,28,0.13
H013,7,217,0,244,160,4410,1320,0.06,360,0,0,36,36,0,0,69,30,0.13
H013,8,227,0,263,174,4645,1440,0.07,360,0,0,39,39,0,0,72,32,0.13
H013,9,236,0,281,187,4880,1560,0.08,360,0,0,42,42,0,0,74,33,0.13
H013,10,246,0,300,201,5115,1680,0.09,360,0,0,45,45,0,0,77,35,0.13
H013,11,255,0,319,214,5350,1800,0.1,360,0,0,48,48,0,0,79,37,0.13
H013,12,265,0,338,228,5585,1920,0.11,360,0,0,51,51,0,0,81,39,0.13
H013,13,274,0,357,241,5820,2040,0.12,360,0,0,54,54,0,0,84,41,0.13
H013,14,284,0,375,255,6055,2160,0.13,360,0,0,57,57,0,0,86,42,0.13
H013,15,293,0,394,268,6290,2280,0.14,360,0,0,60,60,0,0,89,44,0.13
H014,1,174,27,145,80,3720,0,0,380,0,0,0,0,0,0,54,0,0
H014,2,185,30,168,93,4055,0,0.01,380,0,0,0,0,0,0,56,0,0
H014,3,197,33,192,107,4390,0,0.02,380,0,0,0,0,0,0,58,0,0
H014,4,209,36,215,120,4725,0,0.03,380,0,0,0,0,0,0,60,0,0
H014,5,221,39,239,134,5060,0,0.04,380,0,0,0,0,0,0,62,0,0
H014,6,233,42,262,147,5395,0,0.05,380,0,0,0,0,0,0,64,0,0
H014,7,245,45,285,160,5730,0,0.06,380,0,0,0,0,0,0,66,0,0
H014,8,257,48,309,174,6065,0,0.07,380,0,0,0,0,0,0,68,0,0
H014,9,268,51,332,187,6400,0,0.08,380,0,0,0,0,0,0,70,0,0
H014,10,280,54,356,201,6735,0,0.09,380,0,0,0,0,0,0,72,0,0
H014,11,292,57,379,214,7070,0,0.1,380,0,0,0,0,0,0,74,0,0
H014,12,304,60,403,228,7405,0,0.11,380,0,0,0,0,0,0,76,0,0
H014,13,316,63,426,241,7740,0,0.12,380,0,0,0,0,0,0,78,0,0
H014,14,327,66,450,255,8075,0,0.13,380,0,0,0,0,0,0,80,0,0
H014,15,339,69,473,268,8410,0,0.14,380,0,0,0,0,0,0,82,0,0
H015,1,160,0,130,80,3555,430,0,400,0,0,18,18,0,0,60,15,0
H015,2,168,0,150,93,3877,525,0.01,400,0,0,21,21,0,0,62,16,0
H015,3,177,0,170,107,4199,620,0.02,400,0,0,24,24,0,0,65,18,0
H015,4,186,0,190,120,4521,715,0.03,400,0,0,27,27,0,0,68,19,0
H015,5,195,0,210,134,4843,810,0.04,400,0,0,30,30,0,0,69,22,0
H015,6,204,0,230,147,5165,905,0.05,400,0,0,33,33,0,0,72,23,0
H015,7,213,0,250,160,5487,1000,0.06,400,0,0,36,36,0,0,74,24,0
H015,8,222,0,270,174,5809,1095,0.07,400,0,0,39,39,0,0,76,26,0
H015,9,230,0,290,187,6131,1190,0.08,400,0,0,42,42,0,0,79,28,0
H015,10,239,0,310,201,6453,1285,0.09,400,0,0,45,45,0,0,81,29,0
H015,11,248,0,330,214,6775,1380,0.1,400,0,0,48,48,0,0,84,31,0
H015,12,257,0,350,228,7097,1475,0.11,400,0,0,51,51,0,0,86,33,0
H015,13,266,0,370,241,7419,1570,0.12,400,0,0,54,54,0,0,88,35,0
H015,14,274,0,390,255,7741,1665,0.13,400,0,0,57,57,0,0,91,36,0
H015,15,283,0,410,268,8063,1760,0.14,400,0,0,60,60,0,0,93,38,0
H016,1,162,0,138,80,3672,450,0,360,0,0,0,0,0,0,57,16,0
H016,2,171,0,163,93,4007,547,0.01,360,0,0,0,0,0,0,60,17,0
H016,3,181,0,188,107,4342,644,0.02,360,0,0,0,0,0,0,63,19,0
H016,4,191,0,213,120,4678,741,0.03,360,0,0,0,0,0,0,66,20,0
H016,5,200,0,238,134,5013,838,0.04,360,0,0,0,0,0,0,69,22,0
H016,6,210,0,263,147,5349,935,0.05,360,0,0,0,0,0,0,72,24,0
H016,7,220,0,288,160,5684,1032,0.06,360,0,0,0,0,0,0,75,25,0
H016,8,229,0,313,174,6019,1129,0.07,360,0,0,0,0,0,0,78,27,0
H016,9,239,0,338,187,6355,1226,0.08,360,0,0,0,0,0,0,81,28,0
H016,10,249,0,363,201,6690,1323,0.09,360,0,0,0,0,0,0,84,30,0
H016,11,258,0,388,214,7025,1420,0.1,360,0,0,0,0,0,0,87,31,0
H016,12,268,0,413,228,7361,1517,0.11,360,0,0,0,0,0,0,90,33,0
H016,13,277,0,438,241,7696,1614,0.12,360,0,0,0,0,0,0,93,34,0
H016,14,287,0,463,255,8031,1711,0.13,360,0,0,0,0,0,0,96,36,0
H016,15,297,0,488,268,8366,1808,0.14,360,0,0,0,0,0,0,99,37,0
H017,1,159,0,147,82,3657,430,0,380,0,0,0,0,0,0,61,15,0
H017,2,170,0,171,93,4010,524,0.03,380,0,0,0,0,0,0,64,16,0
H017,3,182,0,196,107,4364,618,0.06,380,0,0,0,0,0,0,67,17,0
H017,4,193,0,221,120,4718,712,0.09,380,0,0,0,0,0,0,71,19,0
H017,5,205,0,245,134,5072,806,0.12,380,0,0,0,0,0,0,74,21,0
H017,6,217,0,270,147,5426,900,0.15,380,0,0,0,0,0,0,77,23,0
H017,7,228,0,295,161,5779,994,0.18,380,0,0,0,0,0,0,81,24,0
H017,8,240,0,319,174,6133,1088,0.21,380,0,0,0,0,0,0,84,26,0
H017,9,251,0,344,188,6487,1182,0.24,380,0,0,0,0,0,0,88,27,0
H017,10,263,0,369,201,6481,1276,0.27,380,0,0,0,0,0,0,91,29,0
H017,11,275,0,394,215,7165,1370,0.3,380,0,0,0,0,0,0,94,31,0
H017,12,286,0,418,228,7548,1464,0.33,380,0,0,0,0,0,0,98,32,0
H017,13,298,0,443,242,7902,1558,0.36,380,0,0,0,0,0,0,101,34,0
H017,14,309,0,468,255,8256,1652,0.39,380,0,0,0,0,0,0,105,36,0
H017,15,321,0,492,269,8610,1746,0.42,380,0,0,0,0,0,0,108,37,0
H018,1,191,27,141,80,3784,0,0,380,0,0,0,0,0,0,72,0,0
H018,2,205,30,166,93,4140,0,0.02,380,0,0,0,0,0,0,75,0,0
H018,3,220,33,192,107,4497,0,0.04,380,0,0,0,0,0,0,78,0,0
H018,4,235,36,218,120,4853,0,0.06,380,0,0,0,0,0,0,81,0,0
H018,5,249,39,244,134,5210,0,0.08,380,0,0,0,0,0,0,84,0,0
H018,6,264,42,270,147,5567,0,0.1,380,0,0,0,0,0,0,87,0,0
H018,7,279,45,296,160,5923,0,0.12,380,0,0,0,0,0,0,90,0,0
H018,8,293,48,322,174,6280,0,0.14,380,0,0,0,0,0,0,93,0,0
H018,9,308,51,347,187,6636,0,0.16,380,0,0,0,0,0,0,96,0,0
H018,10,323,54,373,201,6993,0,0.18,380,0,0,0,0,0,0,99,0,0
H018,11,337,57,399,214,7349,0,0.2,380,0,0,0,0,0,0,102,0,0
H018,12,352,60,425,228,7706,0,0.22,380,0,0,0,0,0,0,105,0,0
H018,13,366,63,451,241,8062,0,0.24,380,0,0,0,0,0,0,108,0,0
H018,14,381,66,476,255,8419,0,0.26,380,0,0,0,0,0,0,111,0,0
H018,15,396,69,502,268,8775,0,0.28,380,0,0,0,0,0,0,114,0,0
H019,1,183,27,130,80,3377,0,0,350,0,0,0,0,0,0,46,0,0
H019,2,202,30,151,93,3634,0,0.02,350,0,0,0,0,0,0,47,0,0
H019,3,221,33,172,107,3891,0,0.04,350,0,0,0,0,0,0,49,0,0
H019,4,240,36,193,120,4148,0,0.06,350,0,0,0,0,0,0,51,0,0
H019,5,260,39,214,134,4406,0,0.08,350,0,0,0,0,0,0,53,0,0
H019,6,279,42,235,148,4663,0,0.1,350,0,0,0,0,0,0,55,0,0
H019,7,298,45,256,161,4920,0,0.12,350,0,0,0,0,0,0,57,0,0
H019,8,318,48,277,175,5178,0,0.14,350,0,0,0,0,0,0,59,0,0
H019,9,337,51,298,188,5435,0,0.16,350,0,0,0,0,0,0,60,0,0
H019,10,356,54,319,202,5692,0,0.18,350,0,0,0,0,0,0,62,0,0
H019,11,375,57,340,215,5949,0,0.2,350,0,0,0,0,0,0,64,0,0
H019,12,394,60,361,229,6206,0,0.22,350,0,0,0,0,0,0,66,0,0
H019,13,414,63,382,242,6464,0,0.24,350,0,0,0,0,0,0,68,0,0
H019,14,433,66,403,256,6721,0,0.26,350,0,0,0,0,0,0,69,0,0
H019,15,452,69,424,269,6978,0,0.28,350,0,0,0,0,0,0,71,0,0
H020,1,166,12,159,80,3719,470,0,380,0,0,0,0,0,0,68,17,0
H020,2,176,12,189,93,4120,575,0.03,380,0,0,0,0,0,0,72,18,0
H020,3,186,12,220,107,4521,680,0.06,380,0,0,0,0,0,0,76,20,0
H020,4,196,12,250,120,4922,785,0.09,380,0,0,0,0,0,0,80,22,0
H020,5,207,12,281,134,5323,890,0.12,380,0,0,0,0,0,0,84,24,0
H020,6,217,12,312,147,5724,995,0.15,380,0,0,0,0,0,0,89,26,0
H020,7,227,12,342,161,6125,1100,0.18,380,0,0,0,0,0,0,93,27,0
H020,8,238,12,373,174,6526,1205,0.21,380,0,0,0,0,0,0,97,29,0
H020,9,248,12,403,188,6927,1310,0.24,380,0,0,0,0,0,0,101,31,0
H020,10,258,12,434,201,7328,1415,0.27,380,0,0,0,0,0,0,106,33,0
H020,11,269,12,465,215,7729,1520,0.3,380,0,0,0,0,0,0,110,35,0
H020,12,278,12,495,228,8130,1625,0.33,380,0,0,0,0,0,0,114,36,0
H020,13,289,12,526,242,8531,1730,0.36,380,0,0,0,0,0,0,118,38,0
H020,14,299,12,556,255,8932,1835,0.39,380,0,0,0,0,0,0,123,40,0
H020,15,310,12,587,269,9333,1940,0.42,380,0,0,0,0,0,0,127,42,0
H021,1,160,0,139,80,3555,490,0,360,0,0,18,18,0,0,54,17,0
H021,2,169,0,163,93,3828,596,0.01,360,0,0,21,21,0,0,55,18,0
H021,3,179,0,157,107,4082,702,0.02,360,0,0,24,24,0,0,57,20,0
H021,4,189,0,211,120,4345,808,0.03,360,0,0,27,27,0,0,59,22,0
H021,5,199,0,235,134,4609,914,0.04,360,0,0,30,30,0,0,61,24,0
H021,6,209,0,253,147,4872,1020,0.05,360,0,0,33,33,0,0,63,26,0
H021,7,219,0,277,160,5134,1126,0.06,360,0,0,36,36,0,0,65,28,0
H021,8,229,0,301,174,5397,1232,0.07,360,0,0,39,39,0,0,67,30,0
H021,9,238,0,325,187,5659,1338,0.08,360,0,0,42,42,0,0,68,31,0
H021,10,248,0,349,201,5922,1444,0.09,360,0,0,45,45,0,0,70,33,0
H021,11,258,0,373,214,6184,1550,0.1,360,0,0,48,48,0,0,72,35,0
H021,12,268,0,397,228,6447,1656,0.11,360,0,0,51,51,0,0,74,37,0
H021,13,278,0,421,241,6709,1762,0.12,360,0,0,54,54,0,0,76,39,0
H021,14,287,0,445,255,6972,1868,0.13,360,0,0,57,57,0,0,77,40,0
H021,15,297,0,469,268,7234,1974,0.14,360,0,0,60,60,0,0,79,42,0
H022,1,172,15,137,80,3475,490,0,350,0,0,18,18,0,0,54,17,0
H022,2,184,18,155,93,3707,594,0.01,350,0,0,21,21,0,0,55,18,0
H022,3,197,21,173,107,3940,698,0.02,350,0,0,24,24,0,0,57,20,0
H022,4,210,24,191,120,4172,802,0.03,350,0,0,27,27,0,0,59,22,0
H022,5,223,27,209,134,4405,906,0.04,350,0,0,30,30,0,0,61,23,0
H022,6,236,30,227,147,4638,1010,0.05,350,0,0,33,33,0,0,62,25,0
H022,7,249,33,245,160,4870,1114,0.06,350,0,0,36,36,0,0,64,27,0
H022,8,262,36,263,174,5103,1218,0.07,350,0,0,39,39,0,0,66,28,0
H022,9,274,39,281,187,5335,1322,0.08,350,0,0,42,42,0,0,68,30,0
H022,10,287,42,299,201,5568,1426,0.09,350,0,0,45,45,0,0,69,32,0
H022,11,300,45,317,214,5800,1530,0.1,350,0,0,48,48,0,0,71,33,0
H022,12,313,48,335,228,6033,1634,0.11,350,0,0,51,51,0,0,73,35,0
H022,13,326,51,353,241,6265,1738,0.12,350,0,0,54,54,0,0,75,36,0
H022,14,338,54,371,255,6498,1842,0.13,350,0,0,57,57,0,0,77,38,0
H022,15,351,57,389,268,6730,1946,0.14,350,0,0,60,60,0,0,78,40,0
H023,1,183,15,146,80,3620,0,0,380,0,0,0,0,0,0,67,0,0
H023,2,195,18,171,93,3973,0,0.02,380,0,0,0,0,0,0,71,0,0
H023,3,208,21,197,107,4326,0,0.04,380,0,0,0,0,0,0,75,0,0
H023,4,220,24,222,120,4679,0,0.06,380,0,0,0,0,0,0,80,0,0
H023,5,223,27,248,134,5033,0,0.08,380,0,0,0,0,0,0,84,0,0
H023,6,246,30,274,147,5386,0,0.1,380,0,0,0,0,0,0,89,0,0
H023,7,258,33,299,161,5739,0,0.12,380,0,0,0,0,0,0,93,0,0
H023,8,271,36,325,174,6093,0,0.14,380,0,0,0,0,0,0,98,0,0
H023,9,283,39,350,188,6446,0,0.16,380,0,0,0,0,0,0,102,0,0
H023,10,296,42,376,201,6799,0,0.18,380,0,0,0,0,0,0,106,0,0
H023,11,309,45,402,215,7153,0,0.2,380,0,0,0,0,0,0,111,0,0
H023,12,321,48,427,228,7506,0,0.22,380,0,0,0,0,0,0,115,0,0
H023,13,334,51,453,242,7859,0,0.24,380,0,0,0,0,0,0,120,0,0
H023,14,346,54,478,255,8212,0,0.26,380,0,0,0,0,0,0,120,0,0
H023,15,359,57,504,269,8566,0,0.28,380,0,0,0,0,0,0,129,0,0
H024,1,178,15,133,80,3555,490,0,360,0,0,0,0,0,0,55,18,0
H024,2,190,18,157,93,3869,599,0.02,360,0,0,0,0,0,0,57,19,0
H024,3,202,21,181,107,4184,708,0.04,360,0,0,0,0,0,0,60,21,0
H024,4,214,24,205,120,4499,817,0.06,360,0,0,0,0,0,0,63,23,0
H024,5,226,27,229,134,4814,926,0.08,360,0,0,0,0,0,0,66,25,0
H024,6,238,30,253,147,5128,1035,0.1,360,0,0,0,0,0,0,68,26,0
H024,7,250,33,277,160,5443,1144,0.12,360,0,0,0,0,0,0,71,28,0
H024,8,262,36,301,174,5758,1253,0.14,360,0,0,0,0,0,0,74,30,0
H024,9,274,39,325,187,6072,1362,0.16,360,0,0,0,0,0,0,76,31,0
H024,10,286,42,349,201,6387,1471,0.18,360,0,0,0,0,0,0,79,33,0
H024,11,298,45,373,214,6702,1580,0.2,360,0,0,0,0,0,0,82,35,0
H024,12,310,48,397,227,7016,1689,0.22,360,0,0,0,0,0,0,84,36,0
H024,13,322,51,421,241,7331,1798,0.24,360,0,0,0,0,0,0,87,38,0
H024,14,334,54,445,254,7646,1907,0.26,360,0,0,0,0,0,0,90,40,0
H024,15,346,57,469,268,7961,2016,0.28,360,0,0,0,0,0,0,93,42,0
H025,1,176,0,144,80,3558,470,0,350,0,0,0,0,0,0,55,17,0
H025,2,186,0,165,93,3833,574,0.01,350,0,0,0,0,0,0,57,18,0
H025,3,197,0,186,107,4108,678,0.02,350,0,0,0,0,0,0,60,20,0
H025,4,208,0,207,120,4383,782,0.03,350,0,0,0,0,0,0,63,22,0
H025,5,218,0,228,134,4658,886,0.04,350,0,0,0,0,0,0,65,24,0
H025,6,229,0,249,147,4933,990,0.05,350,0,0,0,0,0,0,68,25,0
H025,7,239,0,270,160,5208,1094,0.06,350,0,0,0,0,0,0,70,27,0
H025,8,250,0,291,174,5483,1198,0.07,350,0,0,0,0,0,0,73,29,0
H025,9,260,0,312,187,5758,1302,0.08,350,0,0,0,0,0,0,76,30,0
H025,10,271,0,333,201,6033,1406,0.09,350,0,0,0,0,0,0,79,32,0
H025,11,281,0,354,214,6308,1510,0.1,350,0,0,0,0,0,0,81,34,0
H025,12,292,0,375,227,6583,1614,0.11,350,0,0,0,0,0,0,84,35,0
H025,13,302,0,396,241,6858,1718,0.12,350,0,0,0,0,0,0,87,37,0
H025,14,313,0,417,254,7133,1822,0.13,350,0,0,0,0,0,0,89,39,0
H025,15,323,0,438,268,7408,1926,0.14,350,0,0,0,0,0,0,92,41,0
H026,1,171,0,163,80,3650,430,0,380,0,0,0,0,0,0,66,15,0.13
H026,2,182,0,186,93,4030,525,0.01,380,0,0,0,0,0,0,70,16,0.13
H026,3,194,0,210,107,4410,620,0.02,380,0,0,0,0,0,0,75,18,0.13
H026,4,205,0,234,120,4790,715,0.03,380,0,0,0,0,0,0,79,19,0.13
H026,5,217,0,257,134,5170,810,0.04,380,0,0,0,0,0,0,84,21,0.13
H026,6,228,0,281,147,5550,905,0.05,380,0,0,0,0,0,0,88,23,0.13
H026,7,240,0,305,161,5930,1000,0.06,380,0,0,0,0,0,0,93,24,0.13
H026,8,251,0,328,174,6310,1095,0.07,380,0,0,0,0,0,0,97,26,0.13
H026,9,263,0,352,188,6690,1190,0.08,380,0,0,0,0,0,0,102,28,0.13
H026,10,274,0,376,201,7070,1285,0.09,380,0,0,0,0,0,0,106,29,0.13
H026,11,286,0,400,215,7450,1380,0.1,380,0,0,0,0,0,0,111,31,0.13
H026,12,297,0,423,228,7830,1475,0.11,380,0,0,0,0,0,0,116,33,0.13
H026,13,309,0,447,242,8210,1570,0.12,380,0,0,0,0,0,0,120,34,0.13
H026,14,320,0,471,255,8590,1665,0.13,380,0,0,0,0,0,0,125,36,0.13
H026,15,332,0,494,269,8970,1760,0.14,380,0,0,0,0,0,0,129,37,0.13
H027,1,170,0,171,80,3661,420,0,413,0,0,0,0,0,0,65,15,0
H027,2,179,0,200,93,4041,511,0.01,413,0,0,0,0,0,0,69,16,0
H027,3,188,0,229,107,4421,602,0.02,413,0,0,0,0,0,0,73,18,0
H027,4,197,0,258,120,4801,693,0.03,417,0,0,0,0,0,0,77,19,0
H027,5,206,0,287,134,5181,784,0.04,417,0,0,0,0,0,0,811,21,0
H027,6,215,0,316,147,5561,875,0.05,419,0,0,0,0,0,0,669,23,0
H027,7,224,0,345,161,5941,966,0.06,420,0,0,0,0,0,0,819,24,0
H027,8,233,0,374,174,6321,1057,0.07,421,0,0,0,0,0,0,969,26,0
H027,9,242,0,403,188,6701,1148,0.08,422,0,0,0,0,0,0,1119,27,0
H027,10,251,0,432,201,7081,1239,0.09,423,0,0,0,0,0,0,1269,29,0
H027,11,260,0,461,214,7461,1330,0.1,425,0,0,0,0,0,0,1419,30,0
H027,12,269,0,490,228,7841,1421,0.11,426,0,0,0,0,0,0,1569,32,0
H027,13,278,0,519,241,8221,1512,0.12,427,0,0,0,0,0,0,1719,33,0
H027,14,287,0,548,255,8601,1603,0.13,428,0,0,0,0,0,0,1869,35,0
H027,15,296,0,577,268,8981,1694,0.14,429,0,0,0,0,0,0,2019,36,0
H028,1,163,15,141,80,3438,490,0,350,0,0,18,18,0,0,54,18,0
H028,2,172,18,159,93,3705,597,0.01,350,0,0,21,21,0,0,56,19,0
H028,3,182,21,178,107,3972,704,0.02,350,0,0,24,24,0,0,58,21,0
H028,4,192,24,197,120,4239,811,0.03,350,0,0,27,27,0,0,60,23,0
H028,5,202,27,216,134,4506,918,0.04,350,0,0,30,30,0,0,62,25,0
H028,6,212,30,235,147,4773,1025,0.05,350,0,0,33,33,0,0,64,27,0
H028,7,222,33,254,160,5040,1132,0.06,350,0,0,36,36,0,0,66,29,0
H028,8,232,36,273,174,5307,1239,0.07,350,0,0,39,39,0,0,68,31,0
H028,9,241,39,291,187,5574,1346,0.08,350,0,0,42,42,0,0,70,32,0
H028,10,251,42,310,201,5841,1453,0.09,350,0,0,45,45,0,0,72,34,0
H028,11,261,45,329,214,6108,1560,0.1,350,0,0,48,48,0,0,74,36,0
H028,12,271,48,348,228,6375,1667,0.11,350,0,0,51,51,0,0,76,38,0
H028,13,281,51,367,241,6642,1774,0.12,350,0,0,54,54,0,0,78,40,0
H028,14,290,54,385,255,6909,1881,0.13,350,0,0,57,57,0,0,80,41,0
H028,15,300,57,404,268,7176,1988,0.14,350,0,0,60,60,0,0,82,43,0
H029,1,180,15,142,80,3500,0,0,390,0,0,18,18,0,0,58,0,0
H029,2,195,18,166,93,3840,0,0.01,390,0,0,21,21,0,0,61,0,0
H029,3,210,21,191,107,4180,0,0.02,390,0,0,24,24,0,0,64,0,0
H029,4,225,24,216,120,4520,0,0.03,390,0,0,27,27,0,0,67,0,0
H029,5,240,27,240,134,4860,0,0.04,390,0,0,30,27,0,0,70,0,0
H029,6,255,30,265,148,5200,0,0.05,390,0,0,33,31,0,0,73,0,0
H029,7,270,33,290,161,5540,0,0.06,390,0,0,36,33,0,0,76,0,0
H029,8,285,36,314,175,5880,0,0.07,390,0,0,39,36,0,0,79,0,0
H029,9,300,39,339,188,6220,0,0.08,390,0,0,42,38,0,0,82,0,0
H029,10,315,42,364,202,6560,0,0.09,390,0,0,45,41,0,0,85,0,0
H029,11,330,45,388,215,6900,0,0.1,390,0,0,48,43,0,0,88,0,0
H029,12,345,48,413,229,7240,0,0.11,390,0,0,51,45,0,0,91,0,0
H029,13,360,51,437,242,7580,0,0.12,390,0,0,54,48,0,0,94,0,0
H029,14,375,54,462,256,7920,0,0.13,390,0,0,57,50,0,0,97,0,0
H029,15,390,57,487,269,8260,0,0.14,390,0,0,60,53,0,0,100,0,0
H030,1,170,0,138,80,3672,0,0,380,0,0,18,18,0,0,61,0,0
H030,2,182,0,161,93,4007,0,0.01,380,0,0,21,21,0,0,64,0,0
H030,3,194,0,185,107,4342,0,0.01,380,0,0,24,24,0,0,67,0,0
H030,4,207,0,209,120,4678,0,0.02,380,0,0,27,27,0,0,70,0,0
H030,5,219,0,233,134,5013,0,0.02,380,0,0,30,30,0,0,73,0,0
H030,6,232,0,257,147,5349,0,0.03,380,0,0,33,33,0,0,76,0,0
H030,7,244,0,281,160,5684,0,0.03,380,0,0,36,36,0,0,79,0,0
H030,8,256,0,305,174,6019,0,0.04,380,0,0,39,39,0,0,82,0,0
H030,9,269,0,328,187,6355,0,0.04,380,0,0,42,42,0,0,85,0,0
H030,10,281,0,352,201,6690,0,0.05,380,0,0,45,45,0,0,88,0,0
H030,11,294,0,376,214,7025,0,0.05,380,0,0,48,48,0,0,91,0,0
H030,12,306,0,400,228,7361,0,0.06,380,0,0,51,51,0,0,94,0,0
H030,13,318,0,424,241,7696,0,0.06,380,0,0,54,54,0,0,97,0,0
H030,14,331,0,447,255,8031,0,0.07,380,0,0,57,57,0,0,100,0,0
H030,15,343,0,471,268,8366,0,0.07,380,0,0,60,60,0,0,103,0,0
H031,1,198,27,139,80,3268,450,0,390,0,0,0,0,0,0,59,16,0
H031,2,213,30,161,93,3518,547,0.03,390,0,0,0,0,0,0,61,17,0
H031,3,228,33,183,107,3678,644,0.06,390,0,0,0,0,0,0,63,19,0
H031,4,243,36,205,120,4018,741,0.09,390,0,0,0,0,0,0,65,20,0
H031,5,258,39,227,134,4223,838,0.12,390,0,0,0,0,0,0,67,22,0
H031,6,273,42,249,147,4464,935,0.15,390,0,0,0,0,0,0,69,23,0
H031,7,288,45,271,161,4705,1032,0.18,390,0,0,0,0,0,0,71,25,0
H031,8,303,48,293,174,4946,1129,0.21,390,0,0,0,0,0,0,73,26,0
H031,9,318,51,315,188,5187,1226,0.24,390,0,0,0,0,0,0,75,28,0
H031,10,333,54,337,201,5428,1323,0.27,390,0,0,0,0,0,0,77,29,0
H031,11,348,57,359,214,5669,1420,0.3,390,0,0,0,0,0,0,79,30,0
H031,12,363,60,381,228,5910,1517,0.33,390,0,0,0,0,0,0,81,32,0
H031,13,378,63,403,241,6151,1614,0.36,390,0,0,0,0,0,0,83,33,0
H031,14,393,66,425,255,6392,1711,0.39,390,0,0,0,0,0,0,85,35,0
H031,15,408,69,447,268,6633,1808,0.42,390,0,0,0,0,0,0,87,36,0
H032,1,186,27,146,80,3720,430,0,390,0,0,0,0,0,0,61,16,0
H032,2,199,30,171,93,4055,526,0.03,390,0,0,0,0,0,0,64,17,0
H032,3,213,33,197,107,4390,622,0.06,390,0,0,0,0,0,0,67,19,0
H032,4,226,36,222,120,4726,718,0.09,390,0,0,0,0,0,0,70,21,0
H032,5,240,39,248,134,5061,814,0.12,390,0,0,0,0,0,0,73,22,0
H032,6,253,42,274,147,5397,910,0.15,390,0,0,0,0,0,0,76,24,0
H032,7,267,45,300,161,5733,1006,0.18,390,0,0,0,0,0,0,79,26,0
H032,8,281,48,325,175,6068,1102,0.21,390,0,0,0,0,0,0,82,28,0
H032,9,294,51,351,188,6403,1198,0.24,390,0,0,0,0,0,0,85,29,0
H032,10,307,54,377,201,6739,1294,0.27,390,0,0,0,0,0,0,88,31,0
H032,11,321,57,402,215,7074,1390,0.3,390,0,0,0,0,0,0,91,33,0
H032,12,334,60,428,228,7410,1486,0.33,390,0,0,0,0,0,0,94,34,0
H032,13,348,63,453,242,7745,1582,0.36,390,0,0,0,0,0,0,97,36,0
H032,14,361,66,479,255,8080,1678,0.39,390,0,0,0,0,0,0,100,37,0
H032,15,375,69,505,269,8416,1774,0.42,390,0,0,0,0,0,0,103,39,0
H033,1,183,15,148,62,3371,450,0,380,0,0,18,18,0,0,62,16,0
H033,2,196,18,171,65,3692,549,0.01,380,0,0,21,21,0,0,65,17,0
H033,3,209,21,194,68,4013,648,0.04,380,0,0,24,24,0,0,68,19,0
H033,4,222,24,217,72,4334,747,0.06,380,0,0,27,27,0,0,72,21,0
H033,5,235,27,240,75,4655,846,0.08,380,0,0,30,30,0,0,75,22,0
H033,6,249,30,263,78,4976,945,0.1,380,0,0,33,33,0,0,78,24,0
H033,7,262,33,286,82,5297,1044,0.12,380,0,0,36,36,0,0,82,26,0
H033,8,275,36,309,85,5618,1143,0.14,380,0,0,39,39,0,0,85,28,0
H033,9,288,39,332,88,5939,1242,0.16,380,0,0,42,42,0,0,88,29,0
H033,10,302,42,355,92,6260,1341,0.18,380,0,0,45,45,0,0,92,31,0
H033,11,315,45,378,95,6581,1440,0.2,380,0,0,48,48,0,0,95,33,0
H033,12,328,48,401,98,6902,1539,0.23,380,0,0,51,51,0,0,98,34,0
H033,13,341,51,424,101,7223,1638,0.25,380,0,0,54,54,0,0,101,36,0
H033,14,354,54,447,105,7544,1737,0.27,380,0,0,57,57,0,0,105,37,0
H033,15,367,57,470,108,7865,1836,0.29,380,0,0,60,60,0,0,108,39,0
H034,1,179,12,134,80,3431,440,0,360,0,0,0,0,0,0,48,15,0
H034,2,194,12,153,93,3685,533,0.03,360,0,0,0,0,0,0,50,16,0
H034,3,210,12,172,107,3939,626,0.06,360,0,0,0,0,0,0,52,18,0
H034,4,226,12,191,120,4193,719,0.09,360,0,0,0,0,0,0,54,19,0
H034,5,242,12,211,134,4447,812,0.12,360,0,0,0,0,0,0,56,21,0
H034,6,258,12,230,147,4701,905,0.15,360,0,0,0,0,0,0,58,22,0
H034,7,274,12,249,161,4955,998,0.18,360,0,0,0,0,0,0,60,24,0
H034,8,290,12,269,175,5209,1091,0.21,360,0,0,0,0,0,0,62,26,0
H034,9,306,12,288,188,5463,1184,0.24,360,0,0,0,0,0,0,64,27,0
H034,10,322,12,307,201,5717,1277,0.27,360,0,0,0,0,0,0,66,28,0
H034,11,338,12,327,215,5971,1370,0.3,360,0,0,0,0,0,0,68,30,0
H034,12,353,12,346,228,6225,1463,0.33,360,0,0,0,0,0,0,70,31,0
H034,13,369,12,365,242,6479,1556,0.36,360,0,0,0,0,0,0,72,33,0
H034,14,385,12,384,255,6733,1649,0.39,360,0,0,0,0,0,0,74,34,0
H034,15,401,12,404,269,6987,1742,0.42,360,0,0,0,0,0,0,76,36,0
H035,1,194,15,140,80,3377,440,0,370,0,0,0,0,0,0,49,15,0
H035,2,211,18,160,93,3640,533,0.03,370,0,0,0,0,0,0,51,16,0
H035,3,228,21,180,107,3903,626,0.06,370,0,0,0,0,0,0,53,18,0
H035,4,245,24,200,120,4166,719,0.09,370,0,0,0,0,0,0,55,19,0
H035,5,262,27,221,134,4429,812,0.12,370,0,0,0,0,0,0,57,21,0
H035,6,279,30,241,147,4962,905,0.15,370,0,0,0,0,0,0,59,22,0
H035,7,296,33,261,161,4955,998,0.18,370,0,0,0,0,0,0,61,24,0
H035,8,313,36,282,174,5218,1091,0.21,370,0,0,0,0,0,0,63,25,0
H035,9,330,39,302,188,5481,1184,0.24,370,0,0,0,0,0,0,65,27,0
H035,10,347,42,322,201,5744,1277,0.27,370,0,0,0,0,0,0,68,28,0
H035,11,364,45,343,215,6007,1370,0.3,370,0,0,0,0,0,0,70,30,0
H035,12,381,48,363,228,6270,1463,0.33,370,0,0,0,0,0,0,72,31,0
H035,13,398,51,383,242,6533,1556,0.36,370,0,0,0,0,0,0,74,33,0
H035,14,415,54,403,255,6796,1649,0.39,370,0,0,0,0,0,0,76,34,0
H035,15,432,57,424,269,7059,1742,0.42,370,0,0,0,0,0,0,78,36,0
H036,1,154,0,140,80,3567,420,0,380,0,0,0,0,0,0,59,15,0
H036,2,163,0,165,93,3874,510,0.01,380,0,0,0,0,0,0,61,16,0
H036,3,172,0,190,107,4181,600,0.02,380,0,0,0,0,0,0,64,17,0
H036,4,181,0,215,120,4488,690,0.03,380,0,0,0,0,0,0,67,19,0
H036,5,191,0,240,134,4796,780,0.04,380,0,0,0,0,0,0,69,20,0
H036,6,200,0,265,147,5103,870,0.05,380,0,0,0,0,0,0,72,22,0
H036,7,209,0,290,161,5410,960,0.06,380,0,0,0,0,0,0,75,23,0
H036,8,218,0,315,175,5717,1050,0.07,380,0,0,0,0,0,0,78,24,0
H036,9,227,0,340,188,6024,1140,0.08,380,0,0,0,0,0,0,80,25,0
H036,10,236,0,365,201,6331,1230,0.09,380,0,0,0,0,0,0,83,27,0
H036,11,246,0,390,215,6639,1320,0.1,380,0,0,0,0,0,0,86,28,0
H036,12,255,0,415,228,6946,1410,0.11,380,0,0,0,0,0,0,88,30,0
H036,13,264,0,440,242,7253,1500,0.12,380,0,0,0,0,0,0,91,31,0
H036,14,273,0,465,255,7560,1590,0.13,380,0,0,0,0,0,0,93,32,0
H036,15,282,0,490,269,7867,1680,0.14,380,0,0,0,0,0,0,96,34,0
H037,1,183,27,130,80,3617,450,0,370,0,0,0,0,0,0,60,15,0
H037,2,198,30,155,93,3929,545,0.02,370,0,0,0,0,0,0,62,16,0
H037,3,213,33,181,107,4242,640,0.04,370,0,0,0,0,0,0,65,18,0
H037,4,228,36,207,120,4554,735,0.06,370,0,0,0,0,0,0,68,19,0
H037,5,243,39,232,134,4867,830,0.08,370,0,0,0,0,0,0,71,21,0
H037,6,258,42,258,147,5179,925,0.1,370,0,0,0,0,0,0,74,22,0
H037,7,273,45,284,161,5492,1020,0.12,370,0,0,0,0,0,0,77,24,0
H037,8,288,48,310,175,5805,1115,0.14,370,0,0,0,0,0,0,80,26,0
H037,9,303,51,335,188,6117,1210,0.16,370,0,0,0,0,0,0,83,27,0
H037,10,318,54,361,201,6429,1305,0.18,370,0,0,0,0,0,0,86,28,0
H037,11,333,57,387,215,6742,1400,0.2,370,0,0,0,0,0,0,89,30,0
H037,12,348,60,412,228,7054,1495,0.22,370,0,0,0,0,0,0,91,31,0
H037,13,363,63,438,242,7367,1590,0.24,370,0,0,0,0,0,0,94,33,0
H037,14,378,66,463,255,7679,1685,0.26,370,0,0,0,0,0,0,97,34,0
H037,15,393,69,489,269,7992,1780,0.28,370,0,0,0,0,0,0,100,36,0
H038,1,128,12,118,80,3438,490,0,360,0,0,0,0,0,0,44,18,0
H038,2,135,12,136,93,3702,597,0.01,360,0,0,0,0,0,0,45,19,0
H038,3,143,12,155,107,3966,704,0.02,360,0,0,0,0,0,0,47,21,0
H038,4,150,12,174,120,4230,811,0.03,360,0,0,0,0,0,0,49,23,0
H038,5,158,12,193,134,4494,918,0.04,360,0,0,0,0,0,0,50,25,0
H038,6,165,12,212,148,4758,1025,0.05,360,0,0,0,0,0,0,52,27,0
H038,7,172,12,231,161,5022,1132,0.06,360,0,0,0,0,0,0,54,29,0
H038,8,180,12,250,175,5286,1239,0.07,360,0,0,0,0,0,0,55,31,0
H038,9,187,12,268,188,5550,1346,0.08,360,0,0,0,0,0,0,57,32,0
H038,10,195,12,287,202,5814,1453,0.09,360,0,0,0,0,0,0,59,34,0
H038,11,202,12,306,215,6078,1560,0.1,360,0,0,0,0,0,0,60,36,0
H038,12,210,12,325,229,6342,1667,0.11,360,0,0,0,0,0,0,62,38,0
H038,13,217,12,344,242,6606,1774,0.12,360,0,0,0,0,0,0,63,40,0
H038,14,225,12,362,256,6870,1881,0.13,360,0,0,0,0,0,0,65,41,0
H038,15,232,12,381,269,7134,1988,0.14,360,0,0,0,0,0,0,67,43,0
H039,1,191,27,141,80,3400,440,0,350,0,0,0,0,0,0,48,15,0
H039,2,206,30,161,93,3632,533,0.03,350,0,0,0,0,0,0,50,16,0
H039,3,222,33,182,107,3864,626,0.06,350,0,0,0,0,0,0,52,18,0
H039,4,237,36,202,120,4096,719,0.09,350,0,0,0,0,0,0,54,19,0
H039,5,253,39,223,134,4328,812,0.12,350,0,0,0,0,0,0,56,21,0
H039,6,268,42,243,147,4560,905,0.15,350,0,0,0,0,0,0,58,22,0
H039,7,283,45,263,160,4792,998,0.18,350,0,0,0,0,0,0,60,23,0
H039,8,299,48,284,174,5024,1091,0.21,350,0,0,0,0,0,0,62,25,0
H039,9,314,51,304,187,5256,1184,0.24,350,0,0,0,0,0,0,64,26,0
H039,10,329,54,324,200,5488,1277,0.27,350,0,0,0,0,0,0,66,27,0
H039,11,345,57,345,214,5721,1370,0.3,350,0,0,0,0,0,0,68,29,0
H039,12,361,60,365,227,5953,1463,0.33,350,0,0,0,0,0,0,70,30,0
H039,13,377,63,386,241,6185,1556,0.36,350,0,0,0,0,0,0,72,32,0
H039,14,392,66,406,254,6417,1649,0.39,350,0,0,0,0,0,0,74,33,0
H039,15,408,69,427,268,6649,1742,0.42,350,0,0,0,0,0,0,76,35,0
H040,1,183,12,132,80,3350,0,0,350,0,0,18,18,0,0,56,0,0
H040,2,196,12,153,93,3585,0,0.04,350,0,0,21,21,0,0,58,0,0
H040,3,209,12,175,107,3820,0,0.07,350,0,0,24,24,0,0,60,0,0
H040,4,223,12,196,120,4055,0,0.11,350,0,0,27,27,0,0,62,0,0
H040,5,236,12,218,134,4290,0,0.14,350,0,0,30,30,0,0,64,0,0
H040,6,250,12,240,147,4525,0,0.18,350,0,0,33,33,0,0,66,0,0
H040,7,263,12,261,161,4760,0,0.21,350,0,0,36,36,0,0,68,0,0
H040,8,276,12,282,175,4995,0,0.25,350,0,0,39,39,0,0,70,0,0
H040,9,289,12,304,188,5230,0,0.28,350,0,0,42,42,0,0,72,0,0
H040,10,303,12,326,201,5465,0,0.32,350,0,0,45,45,0,0,74,0,0
H040,11,316,12,347,215,5700,0,0.35,350,0,0,48,48,0,0,76,0,0
H040,12,330,12,369,228,5935,0,0.39,350,0,0,51,51,0,0,78,0,0
H040,13,343,12,390,242,6170,0,0.42,350,0,0,54,54,0,0,80,0,0
H040,14,356,12,412,255,6405,0,0.46,350,0,0,57,57,0,0,82,0,0
H040,15,370,12,434,269,6640,0,0.49,350,0,0,60,60,0,0,84,0,0
H041,1,184,27,138,80,3600,450,0,380,0,0,0,0,0,0,60,0,0
H041,2,200,30,161,93,3920,547,0.03,380,0,0,0,0,0,0,62,0,0
H041,3,216,33,184,106,4240,644,0.06,380,0,0,0,0,0,0,64,0,0
H041,4,232,36,207,120,4560,741,0.09,380,0,0,0,0,0,0,66,0,0
H041,5,248,39,230,134,4880,838,0.12,380,0,0,0,0,0,0,68,0,0
H041,6,264,42,253,147,5200,935,0.15,380,0,0,0,0,0,0,70,0,0
H041,7,280,45,276,160,5520,1032,0.18,380,0,0,0,0,0,0,72,0,0
H041,8,296,48,299,174,5840,1129,0.21,380,0,0,0,0,0,0,74,0,0
H041,9,312,51,322,187,6160,1226,0.24,380,0,0,0,0,0,0,76,0,0
H041,10,328,54,345,201,6480,1323,0.27,380,0,0,0,0,0,0,78,0,0
H041,11,344,57,368,214,6800,1420,0.3,380,0,0,0,0,0,0,80,0,0
H041,12,360,60,391,228,7120,1517,0.33,380,0,0,0,0,0,0,82,0,0
H041,13,376,63,414,241,7440,1614,0.36,380,0,0,0,0,0,0,84,0,0
H041,14,392,66,437,255,7760,1711,0.39,380,0,0,0,0,0,0,86,0,0
H041,15,408,69,460,268,8080,1808,0.42,380,0,0,0,0,0,0,88,0,0
H042,1,206,27,141,80,3592,440,0,360,0,0,0,0,0,0,50,15,0
H042,2,223,30,161,93,3847,535,0.03,360,0,0,0,0,0,0,51,16,0
H042,3,241,33,182,107,4103,630,0.06,360,0,0,0,0,0,0,53,18,0
H042,4,260,36,203,120,4359,725,0.09,360,0,0,0,0,0,0,55,19,0
H042,5,273,39,224,134,4615,820,0.12,360,0,0,0,0,0,0,57,21,0
H042,6,297,42,245,147,4781,915,0.15,360,0,0,0,0,0,0,59,22,0
H042,7,314,45,226,161,5126,1010,0.18,360,0,0,0,0,0,0,61,24,0
H042,8,332,48,287,174,5382,1105,0.21,360,0,0,0,0,0,0,63,26,0
H042,9,351,51,308,188,5638,1200,0.24,360,0,0,0,0,0,0,65,27,0
H042,10,369,54,329,201,5894,1295,0.27,360,0,0,0,0,0,0,67,29,0
H042,11,355,57,350,215,6150,1390,0.3,360,0,0,0,0,0,0,68,30,0
H042,12,405,60,370,228,6405,1485,0.33,360,0,0,0,0,0,0,70,32,0
H042,13,423,63,391,242,6661,1580,0.36,360,0,0,0,0,0,0,72,34,0
H042,14,441,66,412,255,6917,1675,0.39,360,0,0,0,0,0,0,74,35,0
H042,15,460,69,433,169,7173,1770,0.42,360,0,0,0,0,0,0,76,37,0
H043,1,181,12,141,80,3592,440,0,360,0,0,18,18,0,0,50,15,0
H043,2,195,15,161,93,3833,535,0.03,360,0,0,21,21,0,0,51,16,0
H043,3,210,12,182,107,4074,630,0.06,360,0,0,24,24,0,0,53,18,0
H043,4,225,12,203,120,4315,725,0.09,360,0,0,27,27,0,0,55,19,0
H043,5,240,12,224,134,4557,820,0.12,360,0,0,30,30,0,0,57,21,0
H043,6,255,12,245,147,4798,915,0.15,360,0,0,33,33,0,0,59,22,0
H043,7,269,12,266,161,5039,1010,0.18,360,0,0,36,36,0,0,61,24,0
H043,8,284,12,287,174,5280,1105,0.21,360,0,0,39,39,0,0,63,26,0
H043,9,299,12,308,188,5522,1200,0.24,360,0,0,42,42,0,0,65,27,0
H043,10,314,12,329,201,5763,1295,0.27,360,0,0,45,45,0,0,67,29,0
H043,11,329,12,350,215,6005,1390,0.3,360,0,0,48,48,0,0,68,30,0
H043,12,343,12,370,228,6246,1485,0.33,360,0,0,51,51,0,0,70,32,0
H043,13,358,12,391,242,6487,1580,0.36,360,0,0,54,54,0,0,72,34,0
H043,14,373,12,412,225,6728,1675,0.39,360,0,0,57,57,0,0,74,35,0
H043,15,388,12,433,269,6970,1770,0.42,360,0,0,60,60,0,0,76,37,0
H044,1,157,0,166,80,3835,420,0,380,0,0,0,0,0,0,68,15,0
H044,2,169,0,195,93,4215,511,0.01,380,0,0,0,0,0,0,72,16,0
H044,3,182,0,224,107,4595,602,0.02,380,0,0,0,0,0,0,77,18,0
H044,4,195,0,253,120,4975,693,0.03,380,0,0,0,0,0,0,81,19,0
H044,5,207,0,282,134,5355,784,0.04,380,0,0,0,0,0,0,86,21,0
H044,6,220,0,311,148,5735,875,0.05,380,0,0,0,0,0,0,91,22,0
H044,7,233,0,340,161,6115,966,0.06,380,0,0,0,0,0,0,95,24,0
H044,8,245,0,369,175,6495,1057,0.07,380,0,0,0,0,0,0,100,25,0
H044,9,258,0,398,188,6875,1148,0.08,380,0,0,0,0,0,0,104,27,0
H044,10,271,0,427,202,7255,1239,0.09,380,0,0,0,0,0,0,109,28,0
H044,11,283,0,456,215,7635,1330,0.1,380,0,0,0,0,0,0,113,29,0
H044,12,296,0,485,229,8015,1421,0.11,380,0,0,0,0,0,0,118,31,0
H044,13,308,0,514,242,8395,1512,0.12,380,0,0,0,0,0,0,122,32,0
H044,14,321,0,543,256,8775,1603,0.13,380,0,0,0,0,0,0,127,34,0
H044,15,334,0,572,269,9155,1694,0.14,380,0,0,0,0,0,0,131,35,0
H045,1,180,15,132,80,3579,490,0,432,0,0,18,18,0,0,56,18,0
H045,2,190,18,152,93,3846,599,0.01,432,0,0,21,19,0,0,58,19,0
H045,3,201,21,173,107,4113,708,0.02,432,0,0,24,24,0,0,60,21,0
H045,4,212,24,194,120,4380,817,0.03,432,0,0,27,27,0,0,62,23,0
H045,5,223,27,214,134,4647,926,0.04,432,0,0,30,30,0,0,64,25,0
H045,6,234,30,235,147,4914,1035,0.05,432,0,0,33,33,0,0,66,27,0
H045,7,245,33,256,160,5181,1144,0.06,432,0,0,36,36,0,0,68,29,0
H045,8,256,36,276,174,5448,1253,0.07,432,0,0,39,39,0,0,70,31,0
H045,9,266,39,297,187,5715,1362,0.08,432,0,0,42,42,0,0,72,32,0
H045,10,277,42,318,201,5982,1471,0.09,432,0,0,45,46,0,0,74,34,0
H045,11,288,45,338,214,6249,1580,0.1,432,0,0,48,49,0,0,76,36,0
H045,12,299,48,359,228,6516,1689,0.11,432,0,0,51,52,0,0,78,38,0
H045,13,310,51,379,241,6783,1798,0.12,432,0,0,54,55,0,0,80,40,0
H045,14,320,54,400,255,7050,1907,0.13,432,0,0,57,58,0,0,82,41,0
H045,15,331,57,421,268,7317,2016,0.14,432,0,0,60,62,0,0,84,43,0
H046,1,175,15,133,80,3391,490,0,360,0,0,18,18,0,0,53,16,0
H046,2,186,18,153,93,3637,598,0.01,360,0,0,21,21,0,0,55,19,0
H046,3,197,21,174,107,3884,706,0.02,360,0,0,24,24,0,0,57,21,0
H046,4,209,24,195,120,4131,814,0.03,360,0,0,27,27,0,0,59,23,0
H046,5,220,27,216,134,4377,922,0.04,360,0,0,30,30,0,0,61,25,0
H046,6,232,30,237,147,4624,1030,0.05,360,0,0,33,33,0,0,63,27,0
H046,7,243,33,258,160,4871,1138,0.06,360,0,0,36,36,0,0,65,29,0
H046,8,254,36,279,174,5117,1246,0.07,360,0,0,39,39,0,0,67,31,0
H046,9,266,39,299,187,5364,1354,0.08,360,0,0,42,42,0,0,69,34,0
H046,10,277,42,320,201,5611,1462,0.09,360,0,0,45,45,0,0,71,36,0
H046,11,288,45,341,214,5857,1570,0.1,360,0,0,48,48,0,0,73,38,0
H046,12,300,48,362,228,6104,1678,0.11,360,0,0,51,51,0,0,75,40,0
H046,13,311,51,383,241,6350,1786,0.12,360,0,0,54,54,0,0,77,42,0
H046,14,322,54,403,255,6597,1894,0.13,360,0,0,57,57,0,0,79,45,0
H046,15,333,57,424,268,6844,2002,0.14,360,0,0,60,60,0,0,81,47,0
H047,1,186,15,148,80,3678,420,0,380,0,0,0,0,0,0,66,15,0
H047,2,197,18,173,93,4028,513,0.02,380,0,0,0,0,0,0,70,16,0
H047,3,209,21,198,107,4318,606,0.04,380,0,0,0,0,0,0,74,18,0
H047,4,220,24,223,120,4728,699,0.06,380,0,0,0,0,0,0,78,19,0
H047,5,232,27,248,134,5078,792,0.08,380,0,0,0,0,0,0,82,21,0
H047,6,243,30,273,147,5428,855,0.1,380,0,0,0,0,0,0,87,23,0
H047,7,255,33,298,161,5778,978,0.12,380,0,0,0,0,0,0,91,24,0
H047,8,266,36,323,174,6128,1071,0.14,380,0,0,0,0,0,0,95,26,0
H047,9,278,39,348,188,6478,1664,0.16,380,0,0,0,0,0,0,99,27,0
H047,10,289,42,373,201,6828,1257,0.18,380,0,0,0,0,0,0,104,29,0
H047,11,301,45,398,215,7178,1350,0.2,380,0,0,0,0,0,0,108,31,0
H047,12,312,48,423,228,7528,1443,0.22,380,0,0,0,0,0,0,112,32,0
H047,13,324,51,448,242,7878,1536,0.24,380,0,0,0,0,0,0,116,34,0
H047,14,335,54,473,255,8228,1628,0.26,380,0,0,0,0,0,0,120,36,0
H047,15,347,57,498,269,8578,1722,0.28,380,0,0,0,0,0,0,125,37,0
H048,1,163,0,165,80,3858,420,0,370,0,0,0,0,0,0,67,15,0
H048,2,171,0,194,93,4238,512,0.01,370,0,0,0,0,0,0,71,16,0
H048,3,180,0,224,107,4618,604,0.02,370,0,0,0,0,0,0,76,18,0
H048,4,189,0,254,120,4998,696,0.03,370,0,0,0,0,0,0,81,19,0
H048,5,198,0,284,134,5378,788,0.04,370,0,0,0,0,0,0,86,21,0
H048,6,207,0,314,148,5758,880,0.05,370,0,0,0,0,0,0,91,23,0
H048,7,216,0,344,161,6138,972,0.06,370,0,0,0,0,0,0,96,24,0
H048,8,225,0,374,175,6518,1064,0.07,370,0,0,0,0,0,0,101,26,0
H048,9,233,0,403,188,6898,1156,0.08,370,0,0,0,0,0,0,105,27,0
H048,10,242,0,433,202,7278,1248,0.09,370,0,0,0,0,0,0,110,29,0
H048,11,251,0,463,215,7658,1340,0.1,370,0,0,0,0,0,0,115,30,0
H048,12,260,0,493,229,8038,1432,0.11,370,0,0,0,0,0,0,120,32,0
H048,13,269,0,523,242,8418,1524,0.12,370,0,0,0,0,0,0,125,33,0
H048,14,277,0,552,256,8798,1616,0.13,370,0,0,0,0,0,0,129,35,0
H048,15,286,0,582,269,9178,1708,0.14,370,0,0,0,0,0,0,134,36,0
H049,1,180,12,135,80,3565,440,0,350,0,0,0,0,0,0,50,15,0
H049,2,197,12,156,93,3828,534,0.03,350,0,0,0,0,0,0,52,16,0
H049,3,214,12,178,107,4092,628,0.06,350,0,0,0,0,0,0,54,18,0
H049,4,231,12,200,120,4355,722,0.09,350,0,0,0,0,0,0,56,19,0
H049,5,248,12,222,134,4619,816,0.12,350,0,0,0,0,0,0,58,21,0
H049,6,265,12,224,147,4882,910,0.15,350,0,0,0,0,0,0,60,22,0
H049,7,282,12,226,161,5146,1004,0.18,350,0,0,0,0,0,0,62,24,0
H049,8,299,12,288,174,5409,1098,0.21,350,0,0,0,0,0,0,64,25,0
H049,9,316,12,310,188,5673,1192,0.24,350,0,0,0,0,0,0,67,27,0
H049,10,333,12,332,201,5936,1286,0.27,350,0,0,0,0,0,0,69,28,0
H049,11,351,12,354,215,6200,1380,0.3,350,0,0,0,0,0,0,71,30,0
H049,12,368,12,375,228,6463,1474,0.33,350,0,0,0,0,0,0,73,32,0
H049,13,385,12,397,242,6727,1568,0.36,350,0,0,0,0,0,0,75,33,0
H049,14,402,12,419,255,6990,1662,0.39,350,0,0,0,0,0,0,77,35,0
H049,15,419,12,441,269,7254,1756,0.42,350,0,0,0,0,0,0,79,36,0
H050,1,173,12,137,80,3358,490,0,360,0,0,18,18,0,0,54,17,0
H050,2,182,12,155,93,3617,595,0.01,360,0,0,21,21,0,0,55,18,0
H050,3,191,12,174,107,3876,700,0.02,360,0,0,24,24,0,0,57,20,0
H050,4,201,12,193,120,4136,805,0.03,360,0,0,27,27,0,0,59,22,0
H050,5,210,12,212,134,4395,910,0.04,360,0,0,30,30,0,0,61,24,0
H050,6,220,12,231,147.3,4655,1015,0.05,360,0,0,33,33,0,0,63,25,0
H050,7,229,12,250,160.8,4914,1120,0.06,360,0,0,36,36,0,0,65,27,0
H050,8,238,12,269,174.3,5173,1225,0.07,360,0,0,39,39,0,0,67,29,0
H050,9,248,12,287,187.8,5433,1330,0.08,360,0,0,42,42,0,0,68,31,0
H050,10,257,12,306,201.3,5692,1435,0.09,360,0,0,45,45,0,0,70,32,0
H050,11,266,12,325,214.8,5951,1540,0.1,360,0,0,48,48,0,0,72,34,0
H050,12,276,12,344,228.3,6211,1645,0.11,360,0,0,51,51,0,0,74,36,0
H050,13,285,12,363,241.8,6470,1750,0.12,360,0,0,54,54,0,0,76,38,0
H050,14,294,12,381,255.3,6729,1855,0.13,360,0,0,57,57,0,0,77,40,0
H050,15,303,12,400,268.8,6988,1960,0.14,360,0,0,60,60,0,0,79,41,0
H051,1,183,15,136,80,3617,430,0,380,0,0,18,18,0,0,60,15,0
H051,2,199,18,161,93,3929,525,0.02,380,0,0,21,21,0,0,92,16,0
H051,3,216,21,187,107,4242,620,0.04,380,0,0,24,24,0,0,65,18,0
H051,4,233,24,213,120,4554,715,0.06,380,0,0,27,27,0,0,68,19,0
H051,5,250,27,238,134,4867,810,0.08,380,0,0,30,30,0,0,71,21,0
H051,6,267,30,264,147,5179,905,0.1,380,0,0,33,33,0,0,74,23,0
H051,7,283,33,290,161,5492,1000,0.12,380,0,0,36,36,0,0,77,24,0
H051,8,300,36,315,174,5804,1095,0.14,380,0,0,39,39,0,0,79,26,0
H051,9,317,39,341,188,6117,1190,0.16,380,0,0,42,42,0,0,82,28,0
H051,10,334,42,367,201,6429,1285,0.18,380,0,0,45,45,0,0,85,29,0
H051,11,351,45,393,215,6742,1380,0.2,380,0,0,48,48,0,0,88,31,0
H051,12,367,48,418,228,7054,1475,0.22,380,0,0,51,51,0,0,91,33,0
H051,13,384,51,444,242,7367,1570,0.24,380,0,0,54,54,0,0,94,34,0
H051,14,401,54,470,255,7679,1665,0.26,380,0,0,57,57,0,0,97,36,0
H051,15,418,57,495,269,7992,1760,0.28,380,0,0,60,60,0,0,99,37,0
H052,1,190,27,133,80,3288,430,0,380,0,0,0,0,0,0,55,15,0
H052,2,207,30,153,93,3548,521,0.02,380,0,0,0,0,0,0,57,16,0
H052,3,224,33,173,107,3803,612,0.04,380,0,0,0,0,0,0,59,18,0
H052,4,241,36,193,120,4068,703,0.06,380,0,0,0,0,0,0,61,19,0
H052,5,259,39,213,134,4328,794,0.08,380,0,0,0,0,0,0,63,21,0
H052,6,276,42,233,147,4588,885,0.1,380,0,0,0,0,0,0,65,22,0
H052,7,293,45,253,161,4848,976,0.12,380,0,0,0,0,0,0,68,24,0
H052,8,311,48,273,174,5108,1067,0.14,380,0,0,0,0,0,0,70,25,0
H052,9,328,51,293,188,5368,1158,0.16,380,0,0,0,0,0,0,72,27,0
H052,10,345,54,313,201,5628,1249,0.18,380,0,0,0,0,0,0,74,28,0
H052,11,363,57,333,215,5888,1340,0.2,380,0,0,0,0,0,0,76,30,0
H052,12,380,60,353,288,6148,1431,0.22,380,0,0,0,0,0,0,79,31,0
H052,13,397,63,373,242,6408,1522,0.24,380,0,0,0,0,0,0,81,33,0
H052,14,414,66,393,255,6668,1613,0.26,380,0,0,0,0,0,0,83,34,0
H052,15,432,69,413,269,6928,1704,0.28,380,0,0,0,0,0,0,85,36,0
H053,1,158,0,150,80,3850,490,0,360,0,0,0,0,0,0,70,17,0.13
H053,2,166,0,175,93,4185,597,0.01,360,0,0,0,0,0,0,73,18,0.13
H053,3,174,0,200,107,4521,704,0.02,360,0,0,0,0,0,0,76,20,0.13
H053,4,182,0,225,120,4856,811,0.03,360,0,0,0,0,0,0,79,22,0.13
H053,5,191,0,250,134,5192,918,0.04,360,0,0,0,0,0,0,82,24,0.13
H053,6,199,0,275,147,5527,1025,0.05,360,0,0,0,0,0,0,85,26,0.13
H053,7,207,0,300,160,5862,1132,0.06,360,0,0,0,0,0,0,88,28,0.13
H053,8,216,0,325,174,6198,1239,0.07,360,0,0,0,0,0,0,91,30,0.13
H053,9,224,0,350,187,6533,1346,0.08,360,0,0,0,0,0,0,94,31,0.13
H053,10,232,0,375,201,6869,1453,0.09,360,0,0,0,0,0,0,97,33,0.13
H053,11,240,0,400,214,7204,1560,0.1,360,0,0,0,0,0,0,100,35,0.13
H053,12,248,0,425,228,7540,1667,0.11,360,0,0,0,0,0,0,103,37,0.13
H053,13,257,0,450,241,7875,1774,0.12,360,0,0,0,0,0,0,106,39,0.13
H053,14,265,0,475,255,8211,1881,0.13,360,0,0,0,0,0,0,109,40,0.13
H053,15,273,0,500,268,8546,1988,0.14,360,0,0,0,0,0,0,112,42,0.13
H054,1,160,0,145,80,3650,420,0,380,0,0,0,0,0,0,60,14,0
H054,2,172,0,170,93,4010,509,0.02,380,0,0,0,0,0,0,63,15,0
H054,3,184,0,195,107,4370,598,0.04,380,0,0,0,0,0,0,66,16,0
H054,4,196,0,220,120,4730,687,0.06,380,0,0,0,0,0,0,69,18,0
H054,5,208,0,245,134,5090,776,0.08,380,0,0,0,0,0,0,72,19,0
H054,6,220,0,270,147,5450,865,0.1,380,0,0,0,0,0,0,75,20,0
H054,7,232,0,295,160,5810,954,0.12,380,0,0,0,0,0,0,78,22,0
H054,8,244,0,320,174,6170,1043,0.14,380,0,0,0,0,0,0,81,23,0
H054,9,256,0,345,187,6530,1132,0.16,380,0,0,0,0,0,0,84,24,0
H054,10,268,0,370,201,6890,1221,0.18,380,0,0,0,0,0,0,87,26,0
H054,11,280,0,395,214,7250,1310,0.2,380,0,0,0,0,0,0,90,27,0
H054,12,292,0,420,227,7610,1399,0.22,380,0,0,0,0,0,0,93,28,0
H054,13,304,0,445,241,7970,1488,0.24,380,0,0,0,0,0,0,96,29,0
H054,14,316,0,470,254,8330,1577,0.26,380,0,0,0,0,0,0,99,31,0
H054,15,328,0,495,268,8690,1666,0.28,380,0,0,0,0,0,0,102,32,0
H055,1,169,12,133,80,3357,440,0,360,0,0,18,18,0,0,51,15,0
H055,2,185,12,154,93,3616,535,0.3,360,0,0,21,21,0,0,53,16,0
H055,3,202,12,176,107,3875,630,0.6,360,0,0,24,24,0,0,55,18,0
H055,4,219,12,197,120,4134,725,0.9,360,0,0,27,27,0,0,57,19,0
H055,5,236,12,219,134,4393,820,0.12,360,0,0,30,30,0,0,59,21,0
H055,6,253,12,241,147,4653,915,0.15,360,0,0,33,33,0,0,61,22,0
H055,7,269,12,262,161,4912,1010,0.18,360,0,0,36,36,0,0,63,24,0
H055,8,286,12,284,174,5171,1105,0.21,360,0,0,39,39,0,0,65,26,0
H055,9,303,12,305,188,5430,1200,0.24,360,0,0,42,42,0,0,67,27,0
H055,10,320,12,327,201,5689,1295,0.27,360,0,0,45,45,0,0,69,29,0
H055,11,337,12,349,215,5949,1390,0.3,360,0,0,48,48,0,0,71,30,0
H055,12,353,12,370,228,6208,1485,0.33,360,0,0,51,51,0,0,73,32,0
H055,13,370,12,392,242,6467,1580,0.36,360,0,0,54,54,0,0,75,34,0
H055,14,387,12,413,255,6726,1675,0.39,360,0,0,57,57,0,0,78,35,0
H055,15,404,12,435,269,6985,1770,0.42,360,0,0,60,60,0,0,80,37,0
H056,1,186,27,135,80,3784,430,0,370,0,0,0,0,0,0,62,16,0
H056,2,202,30,160,93,4140,526,0.03,370,0,0,0,0,0,0,65,17,0
H056,3,219,33,186,107,4497,622,0.06,370,0,0,0,0,0,0,68,19,0
H056,4,236,36,212,120,4853,718,0.09,370,0,0,0,0,0,0,72,21,0
H056,5,253,39,238,134,5210,814,0.12,370,0,0,0,0,0,0,75,22,0
H056,6,270,42,264,147,5567,910,0.15,370,0,0,0,0,0,0,78,24,0
H056,7,286,45,290,161,5923,1006,0.18,370,0,0,0,0,0,0,82,26,0
H056,8,303,48,316,175,6279,1102,0.21,370,0,0,0,0,0,0,85,28,0
H056,9,320,51,342,188,6636,1198,0.24,370,0,0,0,0,0,0,88,29,0
H056,10,337,54,368,201,6993,1294,0.27,370,0,0,0,0,0,0,92,31,0
H056,11,354,57,394,215,7349,1390,0.3,370,0,0,0,0,0,0,95,33,0
H056,12,370,60,419,228,7706,1486,0.33,370,0,0,0,0,0,0,98,34,0
H056,13,387,63,445,242,8062,1582,0.36,370,0,0,0,0,0,0,101,36,0
H056,14,404,66,471,255,8419,1678,0.39,370,0,0,0,0,0,0,105,37,0
H056,15,421,69,497,269,8776,1774,0.42,370,0,0,0,0,0,0,108,39,0
H057,1,188,27,133,80,3377,490,0,350,0,0,0,0,0,0,53,18,0
H057,2,198,30,153,93,3640,590,0.01,350,0,0,0,0,0,0,55,19,0
H057,3,209,33,173,107,3903,704,0.02,350,0,0,0,0,0,0,57,21,0
H057,4,220,36,193,120,4166,809,0.03,350,0,0,0,0,0,0,59,23,0
H057,5,231,39,213,134,4429,916,0.04,350,0,0,0,0,0,0,61,25,0
H057,6,242,42,233,147,4692,1023,0.05,350,0,0,0,0,0,0,63,27,0
H057,7,253,45,253,161,4955,1130,0.06,350,0,0,0,0,0,0,65,29,0
H057,8,264,48,273,174,5218,1237,0.07,350,0,0,0,0,0,0,67,30,0
H057,9,274,51,293,188,5481,1344,0.08,350,0,0,0,0,0,0,69,32,0
H057,10,285,54,313,201,5744,1451,0.09,350,0,0,0,0,0,0,71,34,0
H057,11,296,57,333,215,6007,1558,0.1,350,0,0,0,0,0,0,73,36,0
H057,12,307,60,353,228,6270,1665,0.11,350,0,0,0,0,0,0,75,38,0
H057,13,318,63,373,242,6533,1772,0.12,350,0,0,0,0,0,0,77,40,0
H057,14,328,66,393,255,6796,1879,0.13,350,0,0,0,0,0,0,79,42,0
H057,15,339,69,413,269,7059,1986,0.14,350,0,0,0,0,0,0,81,43,0
H058,1,187,15,135,80,3619,0,0,380,0,0,18,18,0,0,57,0,0
H058,2,206,18,156,93,3919,0,0.02,380,0,0,21,21,0,0,59,0,0
H058,3,226,21,177,107,4219,0,0.04,380,0,0,24,24,0,0,61,0,0
H058,4,246,24,198,120,4519,0,0.06,380,0,0,27,27,0,0,63,0,0
H058,5,266,27,219,130,4819,0,0.08,380,0,0,30,30,0,0,65,0,0
H058,6,286,30,241,147,5119,0,0.1,380,0,0,33,33,0,0,67,0,0
H058,7,306,33,262,161,5419,0,0.12,380,0,0,36,36,0,0,69,0,0
H058,8,326,36,283,174,5719,0,0.14,380,0,0,39,39,0,0,71,0,0
H058,9,346,39,304,188,6019,0,0.16,380,0,0,42,42,0,0,73,0,0
H058,10,366,42,325,201,6319,0,0.18,380,0,0,45,45,0,0,76,0,0
H058,11,386,45,347,215,6619,0,0.2,380,0,0,48,48,0,0,78,0,0
H058,12,405,48,368,228,6919,0,0.22,380,0,0,51,51,0,0,80,0,0
H058,13,425,51,389,242,7219,0,0.24,380,0,0,54,54,0,0,82,0,0
H058,14,445,54,410,255,7519,0,0.26,380,0,0,57,57,0,0,84,0,0
H058,15,465,57,431,269,7819,0,0.28,380,0,0,60,60,0,0,86,0,0
H059,1,156,0,155,80,3887,470,0,370,0,0,0,0,0,0,68,17,0.13
H059,2,164,0,178,93,4294,574,0.01,370,0,0,0,0,0,0,72,18,0.13
H059,3,172,0,202,107,4702,678,0.02,370,0,0,0,0,0,0,76,20,0.13
H059,4,181,0,226,120,5110,782,0.03,370,0,0,0,0,0,0,80,22,0.13
H059,5,189,0,250,134,5518,886,0.04,370,0,0,0,0,0,0,84,24,0.13
H059,6,198,0,274,147,5926,990,0.05,370,0,0,0,0,0,0,89,26,0.13
H059,7,206,0,298,161,6333,1094,0.06,370,0,0,0,0,0,0,93,27,0.13
H059,8,214,0,322,174,6741,1198,0.07,370,0,0,0,0,0,0,97,29,0.13
H059,9,223,0,346,188,7149,1302,0.08,370,0,0,0,0,0,0,101,31,0.13
H059,10,231,0,370,201,7557,1406,0.09,370,0,0,0,0,0,0,106,33,0.13
H059,11,240,0,394,215,7965,1510,0.1,370,0,0,0,0,0,0,110,35,0.13
H059,12,248,0,417,228,8372,1614,0.11,370,0,0,0,0,0,0,114,36,0.13
H059,13,256,0,441,242,8780,1718,0.12,370,0,0,0,0,0,0,118,38,0.13
H059,14,265,0,465,255,9188,1822,0.13,370,0,0,0,0,0,0,123,40,0.13
H059,15,273,0,489,269,9596,1926,0.14,370,0,0,0,0,0,0,127,42,0.13
H060,1,159,0,142,80,3588,470,0,360,0,0,0,0,0,0,48,17,0.13
H060,2,168,0,163,93,3843,572,0.01,360,0,0,0,0,0,0,50,18,0.13
H060,3,178,0,185,107,4099,674,0.02,360,0,0,0,0,0,0,52,20,0.13
H060,4,187,0,207,120,4355,776,0.03,360,0,0,0,0,0,0,54,22,0.13
H060,5,197,0,228,134,4611,878,0.04,360,0,0,0,0,0,0,56,23,0.13
H060,6,206,0,250,148,4867,980,0.05,360,0,0,0,0,0,0,58,24,0.13
H060,7,216,0,272,161,5123,1082,0.06,360,0,0,0,0,0,0,60,26,0.13
H060,8,226,0,293,175,5379,1184,0.07,360,0,0,0,0,0,0,62,28,0.13
H060,9,235,0,315,188,5634,1286,0.08,360,0,0,0,0,0,0,64,29,0.13
H060,10,244,0,337,202,5890,1388,0.09,360,0,0,0,0,0,0,66,31,0.13
H060,11,254,0,358,215,6146,1490,0.1,360,0,0,0,0,0,0,68,32,0.13
H060,12,263,0,380,229,6402,1592,0.11,360,0,0,0,0,0,0,70,34,0.13
H060,13,273,0,401,242,6658,1694,0.12,360,0,0,0,0,0,0,72,36,0.13
H060,14,282,0,423,256,6913,1796,0.13,360,0,0,0,0,0,0,74,37,0.13
H060,15,292,0,445,269,7169,1898,0.14,360,0,0,0,0,0,0,76,39,0.13
H061,1,184,15,140,80,3582,440,0,360,0,0,0,0,0,0,52,15,0
H061,2,200,18,160,93,3837,534,0.03,360,0,0,0,0,0,0,53,16,0
H061,3,217,21,180,107,4092,628,0.06,360,0,0,0,0,0,0,55,18,0
H061,4,234,24,200,120,4347,722,0.09,360,0,0,0,0,0,0,57,19,0
H061,5,251,27,221,134,4602,816,0.12,360,0,0,0,0,0,0,59,21,0
H061,6,268,30,241,147,4857,910,0.15,360,0,0,0,0,0,0,61,22,0
H061,7,284,33,261,161,5112,1004,0.18,360,0,0,0,0,0,0,63,24,0
H061,8,301,36,282,174,5367,1098,0.21,360,0,0,0,0,0,0,65,25,0
H061,9,318,39,302,188,5622,1192,0.24,360,0,0,0,0,0,0,67,27,0
H061,10,335,42,322,201,5877,1286,0.27,360,0,0,0,0,0,0,69,29,0
H061,11,352,45,343,215,6132,1380,0.3,360,0,0,0,0,0,0,71,30,0
H061,12,368,48,363,228,6387,1474,0.33,360,0,0,0,0,0,0,73,32,0
H061,13,385,51,383,242,6642,1568,0.36,360,0,0,0,0,0,0,75,33,0
H061,14,402,54,403,255,6897,1662,0.39,360,0,0,0,0,0,0,77,35,0
H061,15,419,57,424,269,7152,1756,0.42,360,0,0,0,0,0,0,79,36,0
H062,1,180,15,137,80,3673,490,0,370,0,0,18,18,0,0,57,17,0
H062,2,190,18,157,93,3940,595,0.01,370,0,0,21,21,0,0,59,18,0
H062,3,201,21,177,107,4207,704,0.02,370,0,0,24,24,0,0,61,20,0
H062,4,212,24,197,120,4474,805,0.03,370,0,0,27,27,0,0,63,22,0
H062,5,223,27,217,134,4741,910,0.04,370,0,0,30,30,0,0,65,24,0
H062,6,234,30,237,147.3,5008,1015,0.05,370,0,0,33,33,0,0,67,25,0
H062,7,245,33,257,160.8,5275,1120,0.06,370,0,0,36,36,0,0,69,27,0
H062,8,256,36,277,174.3,5542,1225,0.07,370,0,0,39,39,0,0,71,29,0
H062,9,266,39,297,187.8,5809,1330,0.08,370,0,0,42,42,0,0,73,31,0
H062,10,277,42,317,201.3,6076,1435,0.09,370,0,0,45,45,0,0,75,32,0
H062,11,288,45,337,214.8,6343,1540,0.1,370,0,0,48,48,0,0,77,34,0
H062,12,299,48,357,228.3,6610,1645,0.11,370,0,0,51,51,0,0,79,36,0
H062,13,310,51,377,241.8,6877,1750,0.12,370,0,0,54,54,0,0,81,38,0
H062,14,320,54,397,255.3,7144,1855,0.13,370,0,0,57,57,0,0,83,40,0
H062,15,331,57,417,268.8,7411,1960,0.14,370,0,0,60,60,0,0,85,41,0
H063,1,184,15,150,80,3781,0,0,380,0,0,18,18,0,0,64,0,0
H063,2,199,18,172,93,4137,0,0.02,380,0,0,21,21,0,0,67,0,0
H063,3,214,21,195,107,4494,0,0.04,380,0,0,24,24,0,0,70,0,0
H063,4,230,24,217,120,4850,0,0.06,380,0,0,27,27,0,0,74,0,0
H063,5,245,27,240,134,5207,0,0.08,380,0,0,30,30,0,0,77,0,0
H063,6,261,30,263,147,5563,0,0.1,380,0,0,33,33,0,0,80,0,0
H063,7,276,33,285,160,5919,0,0.12,380,0,0,36,36,0,0,83,0,0
H063,8,291,36,308,174,6276,0,0.14,380,0,0,39,39,0,0,86,0,0
H063,9,307,39,330,187,6632,0,0.16,380,0,0,42,42,0,0,90,0,0
H063,10,322,42,353,201,6989,0,0.18,380,0,0,45,45,0,0,93,0,0
H063,11,337,45,375,214,7345,0,0.2,380,0,0,48,48,0,0,96,0,0
H063,12,353,48,398,228,7702,0,0.22,380,0,0,51,51,0,0,100,0,0
H063,13,368,51,420,241,8058,0,0.24,380,0,0,54,54,0,0,103,0,0
H063,14,383,54,443,255,8415,0,0.26,380,0,0,57,57,0,0,106,0,0
H063,15,398,57,465,268,8771,0,0.28,380,0,0,60,60,0,0,110,0,0
H064,1,153,0,171,80,3816,0,0,380,0,0,0,0,0,0,67,0,0.13
H064,2,163,0,200,93,4230,0,0.01,380,0,0,0,0,0,0,71,0,0.13
H064,3,174,0,230,107,4644,0,0.02,380,0,0,0,0,0,0,75,0,0.13
H064,4,184,0,259,120,5059,0,0.03,380,0,0,0,0,0,0,79,0,0.13
H064,5,195,0,289,134,5473,0,0.04,380,0,0,0,0,0,0,83,0,0.13
H064,6,206,0,319,147,5888,0,0.05,380,0,0,0,0,0,0,87,0,0.13
H064,7,216,0,348,164,6302,0,0.06,380,0,0,0,0,0,0,91,0,0.13
H064,8,227,0,378,174,6716,0,0.07,380,0,0,0,0,0,0,95,0,0.13
H064,9,237,0,407,187,7131,0,0.08,380,0,0,0,0,0,0,99,0,0.13
H064,10,248,0,437,201,7545,0,0.09,380,0,0,0,0,0,0,103,0,0.13
H064,11,258,0,466,214,7959,0,0.1,380,0,0,0,0,0,0,107,0,0.13
H064,12,269,0,496,228,8374,0,0.11,380,0,0,0,0,0,0,111,0,0.13
H064,13,279,0,525,241,8788,0,0.12,380,0,0,0,0,0,0,115,0,0.13
H064,14,290,0,555,255,9202,0,0.13,380,0,0,0,0,0,0,119,0,0.13
H064,15,300,0,584,268,9616,0,0.14,380,0,0,0,0,0,0,123,0,0.13
H065,1,173,15,144,80,3472,490,0,370,0,0,18,18,0,0,54,17,0
H065,2,184,18,165,93,3754,597,0.01,370,0,0,21,21,0,0,56,18,0
H065,3,195,21,186,107,4036,704,0.02,370,0,0,24,24,0,0,59,20,0
H065,4,206,24,207,120,4319,811,0.03,370,0,0,27,27,0,0,61,22,0
H065,5,217,27,228,134,4601,918,0.04,370,0,0,30,30,0,0,63,24,0
H065,6,228,30,249,147,4884,1025,0.05,370,0,0,33,33,0,0,66,26,0
H065,7,239,33,270,160,5166,1132,0.06,370,0,0,36,36,0,0,68,28,0
H065,8,250,36,291,174,5448,1239,0.07,370,0,0,39,39,0,0,71,30,0
H065,9,261,39,312,187,5731,1346,0.08,370,0,0,42,42,0,0,73,31,0
H065,10,272,42,333,201,6013,1453,0.09,370,0,0,45,45,0,0,75,33,0
H065,11,283,45,354,214,6295,1560,0.1,370,0,0,48,48,0,0,77,35,0
H065,12,294,48,375,228,6578,1667,0.11,370,0,0,51,51,0,0,80,37,0
H065,13,305,51,396,241,6860,1774,0.12,370,0,0,54,54,0,0,82,39,0
H065,14,316,54,417,255,7142,1881,0.13,370,0,0,57,57,0,0,84,40,0
H065,15,327,57,438,268,7424,1988,0.14,370,0,0,60,60,0,0,87,42,0
H066,1,170,0,140,80,3500,420,0,360,0,0,0,0,0,0,66,15,0.13
H066,2,180,0,165,93,3851,511,0.01,360,0,0,0,0,0,0,70,16,0.13
H066,3,190,0,190,107,4186,602,0.02,360,0,0,0,0,0,0,74,18,0.13
H066,4,200,0,215,120,4521,693,0.03,360,0,0,0,0,0,0,79,19,0.13
H066,5,210,0,240,134,4856,784,0.04,360,0,0,0,0,0,0,83,21,0.13
H066,6,220,0,265,147,5191,875,0.05,360,0,0,0,0,0,0,88,22,0.13
H066,7,230,0,290,160,5526,966,0.06,360,0,0,0,0,0,0,93,24,0.13
H066,8,240,0,315,173,5861,1057,0.07,360,0,0,0,0,0,0,98,25,0.13
H066,9,250,0,340,186,6196,1148,0.08,360,0,0,0,0,0,0,103,27,0.13
H066,10,260,0,365,199,6531,1239,0.09,360,0,0,0,0,0,0,108,28,0.13
H066,11,270,0,390,212,6866,1330,0.1,360,0,0,0,0,0,0,113,30,0.13
H066,12,280,0,415,225,7201,1421,0.11,360,0,0,0,0,0,0,118,31,0.13
H066,13,290,0,440,238,7536,1512,0.12,360,0,0,0,0,0,0,123,33,0.13
H066,14,300,0,465,251,7871,1603,0.13,360,0,0,0,0,0,0,128,35,0.13
H066,15,310,0,490,264,8206,1694,0.14,360,0,0,0,0,0,0,133,36,0.13
H067,1,170,0,145,80,3864,0,0,370,0,0,18,18,0,0,64,0,0.13
H067,2,182,0,169,93,4199,0,0.02,370,0,0,21,21,0,0,67,0,0.13
H067,3,194,0,193,107,4534,0,0.04,370,0,0,24,24,0,0,70,0,0.13
H067,4,207,0,217,120,4869,0,0.06,370,0,0,27,27,0,0,73,0,0.13
H067,5,219,0,242,134,5204,0,0.08,370,0,0,30,30,0,0,76,0,0.13
H067,6,232,0,266,147,5539,0,0.1,370,0,0,33,33,0,0,79,0,0.13
H067,7,244,0,290,160,5874,0,0.12,370,0,0,36,36,0,0,82,0,0.13
H067,8,256,0,315,174,6209,0,0.14,370,0,0,39,39,0,0,85,0,0.13
H067,9,269,0,339,187,6544,0,0.16,370,0,0,42,42,0,0,88,0,0.13
H067,10,281,0,363,201,6879,0,0.18,370,0,0,45,45,0,0,91,0,0.13
H067,11,293,0,387,214,7214,0,0.2,370,0,0,48,48,0,0,94,0,0.13
H067,12,306,0,411,228,7549,0,0.22,370,0,0,51,51,0,0,97,0,0.13
H067,13,318,0,436,241,7884,0,0.24,370,0,0,54,54,0,0,100,0,0.13
H067,14,330,0,460,255,8219,0,0.26,370,0,0,57,57,0,0,103,0,0.13
H067,15,342,0,484,268,8554,0,0.28,370,0,0,60,60,0,0,106,0,0.13
H068,1,,,,,,,,,,,,,,,,,
H068,2,,,,,,,,,,,,,,,,,
H068,3,,,,,,,,,,,,,,,,,
H068,4,,,,,,,,,,,,,,,,,
H068,5,,,,,,,,,,,,,,,,,
H068,6,,,,,,,,,,,,,,,,,
H068,7,,,,,,,,,,,,,,,,,
H068,8,,,,,,,,,,,,,,,,,
H068,9,,,,,,,,,,,,,,,,,
H068,10,,,,,,,,,,,,,,,,,
H068,11,,,,,,,,,,,,,,,,,
H068,12,,,,,,,,,,,,,,,,,
H068,13,,,,,,,,,,,,,,,,,
H068,14,,,,,,,,,,,,,,,,,
H068,15,,,,,,,,,,,,,,,,,
H069,1,183,15,141,80,3400,490,0,370,0,0,18,18,0,0,50,18,0
H069,2,193,18,162,93,3620,597,0.01,370,0,0,21,21,0,0,51,19,0
H069,3,204,21,184,107,3841,704,0.02,370,0,0,24,24,0,0,53,21,0
H069,4,215,24,205,120,4061,811,0.03,370,0,0,27,27,0,0,55,23,0
H069,5,226,27,227,134,4282,918,0.04,370,0,0,30,30,0,0,56,25,0
H069,6,237,30,249,147,4502,1025,0.05,370,0,0,33,33,0,0,57,27,0
H069,7,248,33,270,160,4723,1132,0.06,370,0,0,36,36,0,0,59,29,0
H069,8,259,36,292,174,4943,1239,0.07,370,0,0,39,39,0,0,61,31,0
H069,9,270,39,313,187,5163,1346,0.08,370,0,0,42,42,0,0,62,32,0
H069,10,281,42,335,201,5384,1453,0.09,370,0,0,45,45,0,0,64,34,0
H069,11,292,45,356,214,5604,1560,0.1,370,0,0,48,48,0,0,65,36,0
H069,12,303,48,378,228,5825,1667,0.11,370,0,0,51,51,0,0,67,38,0
H069,13,314,51,399,241,6045,1774,0.12,370,0,0,54,54,0,0,69,40,0
H069,14,325,54,421,255,6266,1881,0.13,370,0,0,57,57,0,0,70,41,0
H069,15,336,57,442,268,6486,1988,0.14,370,0,0,60,60,0,0,72,43,0
H070,1,,,,,,,,,,,,,,,,,
H070,2,,,,,,,,,,,,,,,,,
H070,3,,,,,,,,,,,,,,,,,
H070,4,,,,,,,,,,,,,,,,,
H070,5,,,,,,,,,,,,,,,,,
H070,6,,,,,,,,,,,,,,,,,
H070,7,,,,,,,,,,,,,,,,,
H070,8,,,,,,,,,,,,,,,,,
H070,9,,,,,,,,,,,,,,,,,
H070,10,,,,,,,,,,,,,,,,,
H070,11,,,,,,,,,,,,,,,,,
H070,12,,,,,,,,,,,,,,,,,
H070,13,,,,,,,,,,,,,,,,,
H070,14,,,,,,,,,,,,,,,,,
H070,15,,,,,,,,,,,,,,,,,
H071,1,191,0,132,27,3589,450,0,380,0,0,0,0,0,0,57,16,0
H071,2,208,30,155,93,3865,547,0.01,380,0,0,0,0,0,0,59,17,0
H071,3,255,33,178,107,4142,644,0.02,380,0,0,0,0,0,0,61,19,0
H071,4,242,36,201,120,4419,741,0.03,380,0,0,0,0,0,0,64,20,0
H071,5,259,39,224,134,4696,838,0.04,380,0,0,0,0,0,0,66,22,0
H071,6,277,42,247,147,4973,935,0.05,380,0,0,0,0,0,0,68,24,0
H071,7,294,45,270,161,5250,1032,0.06,380,0,0,0,0,0,0,71,25,0
H071,8,311,48,293,174,5527,1129,0.07,380,0,0,0,0,0,0,73,27,0
H071,9,328,51,316,188,5804,1126,0.08,380,0,0,0,0,0,0,75,28,0
H071,10,345,54,339,201,6081,1323,0.09,380,0,0,0,0,0,0,78,30,0
H071,11,363,57,362,215,6358,1420,0.1,380,0,0,0,0,0,0,80,32,0
H071,12,380,60,385,228,6634,1517,0.11,380,0,0,0,0,0,0,82,33,0
H071,13,397,63,408,242,6911,1614,0.12,380,0,0,0,0,0,0,85,35,0
H071,14,414,66,431,255,7188,1711,0.13,380,0,0,0,0,0,0,87,36,0
H071,15,431,69,454,269,7465,1808,0.14,380,0,0,0,0,0,0,89,38,0
H072,1,182,27,149,80,3922,0,0,390,0,0,0,0,0,0,65,0,0
H072,2,197,30,174,93,4303,0,0.01,390,0,0,0,0,0,0,68,0,0
H072,3,212,33,199,107,4684,0,0.02,390,0,0,0,0,0,0,72,0,0
H072,4,227,36,224,120,5065,0,0.03,390,0,0,0,0,0,0,75,0,0
H072,5,242,39,249,134,5447,0,0.04,390,0,0,0,0,0,0,79,0,0
H072,6,257,42,274,147,5828,0,0.05,390,0,0,0,0,0,0,83,0,0
H072,7,272,45,299,161,6210,0,0.06,390,0,0,0,0,0,0,87,0,0
H072,8,287,48,324,175,6591,0,0.07,390,0,0,0,0,0,0,90,0,0
H072,9,302,51,349,188,6972,0,0.08,390,0,0,0,0,0,0,94,0,0
H072,10,317,54,374,201,7353,0,0.09,390,0,0,0,0,0,0,98,0,0
H072,11,332,57,399,215,7735,0,0.1,390,0,0,0,0,0,0,101,0,0
H072,12,347,60,424,228,8116,0,0.11,390,0,0,0,0,0,0,105,0,0
H072,13,362,63,449,242,8497,0,0.12,390,0,0,0,0,0,0,108,0,0
H072,14,377,66,474,255,8878,0,0.13,390,0,0,0,0,0,0,112,0,0
H072,15,392,69,499,269,9259,0,0.14,390,0,0,0,0,0,0,116,0,0
H073,1,181,15,131,80,3642,450,0,400,0,0,0,0,0,0,62,19,0
H073,2,198,18,152,93,3917,548,0.01,400,0,0,21,21,0,0,65,20,0
H073,3,216,21,174,107,4192,646,0.02,400,0,0,24,24,0,0,68,22,0
H073,4,233,24,195,120,4467,744,0.03,400,0,0,27,27,0,0,72,24,0
H073,5,251,27,217,134,4742,842,0.04,400,0,0,30,30,0,0,75,26,0
H073,6,268,30,238,147,5017,940,0.05,400,0,0,33,33,0,0,78,28,0
H073,7,286,33,260,161,5292,1038,0.06,400,0,0,36,36,0,0,82,30,0
H073,8,303,36,281,174,5567,1136,0.07,400,0,0,39,39,0,0,85,32,0
H073,9,321,39,303,188,5842,1234,0.08,400,0,0,42,42,0,0,88,33,0
H073,10,338,42,324,201,6117,1332,0.09,400,0,0,45,45,0,0,92,35,0
H073,11,356,45,346,214,6392,1430,0.1,400,0,0,48,48,0,0,95,37,0
H073,12,373,48,367,228,6667,1528,0.11,400,0,0,51,51,0,0,98,39,0
H073,13,391,51,389,241,6942,1626,0.12,400,0,0,54,54,0,0,101,41,0
H073,14,408,54,410,255,7217,1724,0.13,400,0,0,57,57,0,0,105,43,0
H073,15,426,57,432,268,7492,1822,0.14,400,0,0,60,60,0,0,108,45,0
H074,1,170,12,135,80,3642,440,0,360,0,0,18,18,0,0,52,15,0
H074,2,186,12,156,93,3896,536,0.03,360,0,0,21,21,0,0,54,17,0
H074,3,202,12,178,107,4150,632,0.06,360,0,0,24,24,0,0,56,19,0
H074,4,218,12,200,120,4404,728,0.09,360,0,0,27,27,0,0,58,20,0
H074,5,234,12,222,134,4658,824,0.12,360,0,0,30,30,0,0,60,22,0
H074,6,250,12,243,147,4912,920,0.15,360,0,0,33,33,0,0,62,24,0
H074,7,266,12,265,161,5166,1016,0.18,360,0,0,36,36,0,0,64,25,0
H074,8,282,12,287,174,5420,1112,0.21,360,0,0,39,39,0,0,66,27,0
H074,9,298,12,308,188,5674,1208,0.24,360,0,0,42,42,0,0,68,29,0
H074,10,314,12,330,201,5928,1304,0.27,360,0,0,45,45,0,0,70,31,0
H074,11,330,12,352,215,6182,1400,0.3,360,0,0,48,48,0,0,72,32,0
H074,12,346,12,373,228,6436,1496,0.33,360,0,0,51,51,0,0,74,34,0
H074,13,362,12,395,242,6690,1592,0.36,360,0,0,54,54,0,0,76,36,0
H074,14,378,12,417,255,6944,1688,0.39,360,0,0,57,57,0,0,78,37,0
H074,15,394,12,439,269,7198,1784,0.42,360,0,0,60,60,0,0,80,39,0
H075,1,178,15,152,80,3308,490,0,400,0,0,18,18,0,0,52,18,0
H075,2,190,18,172,93,3547,598,0.01,400,0,0,21,21,0,0,53,19,0
H075,3,203,21,192,107,3786,706,0.02,400,0,0,24,24,0,0,55,21,0
H075,4,216,24,213,120,4026,814,0.03,400,0,0,27,27,0,0,57,23,0
H075,5,228,27,233,134,4265,922,0.04,400,0,0,30,30,0,0,59,25,0
H075,6,241,30,254,147,4505,1030,0.05,400,0,0,33,33,0,0,61,27,0
H075,7,254,33,274,160,4744,1138,0.06,400,0,0,36,36,0,0,63,29,0
H075,8,266,36,294,174,4983,1246,0.07,400,0,0,39,39,0,0,65,31,0
H075,9,279,39,315,187,5223,1354,0.08,400,0,0,42,42,0,0,66,32,0
H075,10,292,42,335,201,5462,1462,0.09,400,0,0,45,45,0,0,68,34,0
H075,11,304,45,355,214,5701,1570,0.1,400,0,0,48,48,0,0,70,36,0
H075,12,317,48,376,228,5941,1678,0.11,400,0,0,51,51,0,0,72,38,0
H075,13,329,51,396,241,6180,1786,0.12,400,0,0,54,54,0,0,74,40,0
H075,14,342,54,416,255,6419,1894,0.13,400,0,0,57,57,0,0,75,41,0
H075,15,355,57,436,268,6658,2002,0.14,400,0,0,60,60,0,0,77,43,0
H076,1,188,27,137,80,3543,150,0,380,0,0,0,0,0,0,61,0,0
H076,2,203,30,159,93,3843,150,0.03,380,0,0,0,0,0,0,62,0,0
H076,3,219,33,181,107,4143,150,0.06,380,0,0,0,0,0.33,0,64,0,0
H076,4,235,36,203,120,4443,150,0.09,380,0,0,0,0,0,0,66,0,0
H076,5,250,39,225,133,4743,150,0.12,380,0,0,0,0,0,0,67,0,0
H076,6,266,42,247,147,5043,150,0.15,380,0,0,0,0,0,0,69,0,0
H076,7,281,45,269,160,5343,150,0.18,380,0,0,0,0,0,0,70,0,0
H076,8,297,48,291,174,5643,150,0.21,380,0,0,0,0,0,0,72,0,0
H076,9,312,51,313,187,5943,150,0.24,380,0,0,0,0,0,0,73,0,0
H076,10,328,54,335,201,6243,150,0.27,380,0,0,0,0,0,0,75,0,0
H076,11,343,57,357,214,6543,150,0.3,380,0,0,0,0,0,0,76,0,0
H076,12,359,60,379,228,6843,150,0.33,380,0,0,0,0,0,0,78,0,0
H076,13,374,63,401,241,7143,150,0.36,380,0,0,0,0,0,0,79,0,0
H076,14,390,66,423,255,7443,150,0.39,380,0,0,0,0,0,0,81,0,0
H076,15,405,69,445,268,7743,150,0.42,380,0,0,0,0,0,0,82,0,0
H077,1,170,15,141,80,4444,420,0,380,0,0,0,0,0,0,61,15,0
H077,2,184,18,163,93,4854,511,0.03,380,0,0,0,0,0,0,64,16,0
H077,3,198,21,186,107,5264,602,0.06,380,0,0,0,0,0,0,67,18,0
H077,4,212,24,208,120,5674,693,0.09,380,0,0,0,0,0,0,71,19,0
H077,5,226,27,231,134,6084,784,0.12,380,0,0,0,0,0,0,74,21,0
H077,6,240,30,253,147.3,6494,875,0.15,380,0,0,0,0,0,0,77,22,0
H077,7,254,33,275,160.8,6904,966,0.18,380,0,0,0,0,0,0,80,23,0
H077,8,268,36,298,174.3,7314,1057,0.21,380,0,0,0,0,0,0,83,25,0
H077,9,282,39,320,187.8,7724,1148,0.24,380,0,0,0,0,0,0,87,26,0
H077,10,296,42,343,201.3,8134,1239,0.27,380,0,0,0,0,0,0,90,28,0
H077,11,310,45,365,214.8,8544,1330,0.3,380,0,0,0,0,0,0,93,29,0
H077,12,324,48,388,228.3,8954,1421,0.33,380,0,0,0,0,0,0,97,31,0
H077,13,338,51,410,241.8,9364,1512,0.36,380,0,0,0,0,0,0,100,32,0
H077,14,352,54,433,255.3,9774,1603,0.39,380,0,0,0,0,0,0,103,34,0
H077,15,366,57,455,268.8,10184,1694,0.42,380,0,0,0,0,0,0,107,35,0
H078,1,178,12,141,80,3585,0,0,390,0,0,0,0,0,0,56,0,0
H078,2,186,12,164,93,3848,0,0.01,390,0,0,0,0,0,0,58,0,0
H078,3,195,12,187,107,4112,0,0.02,390,0,0,0,0,0,0,60,0,0
H078,4,204,12,210,120,4375,0,0.03,390,0,0,0,0,0,0,62,0,0
H078,5,213,12,233,134,4639,0,0.04,390,0,0,0,0,0,0,64,0,0
H078,6,222,12,256,148,4902,0,0.05,390,0,0,0,0,0,0,66,0,0
H078,7,231,12,279,161,5165,0,0.06,390,0,0,0,0,0,0,68,0,0
H078,8,240,12,302,175,5429,0,0.07,390,0,0,0,0,0,0,70,0,0
H078,9,248,12,325,188,5692,0,0.08,390,0,0,0,0,0,0,72,0,0
H078,10,257,12,348,202,5956,0,0.09,390,0,0,0,0,0,0,74,0,0
H078,11,266,12,371,215,6219,0,0.1,390,0,0,0,0,0,0,76,0,0
H078,12,275,12,394,229,6483,0,0.11,390,0,0,0,0,0,0,78,0,0
H078,13,284,12,417,242,6746,0,0.12,390,0,0,0,0,0,0,80,0,0
H078,14,292,12,440,256,7010,0,0.13,390,0,0,0,0,0,0,82,0,0
H078,15,301,12,463,269,7273,0,0.14,390,0,0,0,0,0,0,84,0,0
H079,1,175,12,133,80,3369,490,0,350,0,0,0,0,0,0,53,17,0.13
H079,2,183,12,153,93,3619,595,0.01,350,0,0,0,0,0,0,55,18,0.13
H079,3,192,12,174,107,3869,700,0.02,350,0,0,0,0,0,0,57,20,0.13
H079,4,200,12,195,120,4119,805,0.03,350,0,0,0,0,0,0,59,22,0.13
H079,5,209,12,216,134,4369,910,0.04,350,0,0,0,0,0,0,61,24,0.13
H079,6,218,12,237,147,4620,1015,0.05,350,0,0,0,0,0,0,63,25,0.13
H079,7,226,12,258,160,4870,1120,0.06,350,0,0,0,0,0,0,65,27,0.13
H079,8,235,12,279,174,5120,1225,0.07,350,0,0,0,0,0,0,67,29,0.13
H079,9,243,12,300,187,5370,1330,0.08,350,0,0,0,0,0,0,69,31,0.13
H079,10,252,12,321,201,5621,1435,0.09,350,0,0,0,0,0,0,71,32,0.13
H079,11,260,12,342,214,5871,1540,0.1,350,0,0,0,0,0,0,73,34,0.13
H079,12,269,12,362,228,6121,1645,0.11,350,0,0,0,0,0,0,75,36,0.13
H079,13,277,12,383,241,6371,1750,0.12,350,0,0,0,0,0,0,77,38,0.13
H079,14,286,12,404,255,6621,1855,0.13,350,0,0,0,0,0,0,79,40,0.13
H079,15,294,12,425,268,6871,1960,0.14,350,0,0,0,0,0,0,81,41,0.13
H080,1,188,27,132,80,3469,0,0,380,0,0,0,0,0,0,54,0,0
H080,2,205,30,154,93,3744,0,0.02,380,0,0,0,0,0,0,56,0,0
H080,3,222,33,176,107,4019,0,0.04,380,0,0,0,0,0,0,58,0,0
H080,4,239,36,198,120,4294,0,0.06,380,0,0,0,0,0,0,60,0,0
H080,5,256,39,221,134,4569,0,0.08,380,0,0,0,0,0,0,62,0,0
H080,6,274,42,243,148,4844,0,0.1,380,0,0,0,0,0,0,64,0,0
H080,7,291,45,265,161,5119,0,0.12,380,0,0,0,0,0,0,66,0,0
H080,8,308,48,288,175,5394,0,0.14,380,0,0,0,0,0,0,68,0,0
H080,9,325,51,310,188,5669,0,0.16,380,0,0,0,0,0,0,70,0,0
H080,10,343,54,332,202,5944,0,0.18,380,0,0,0,0,0,0,72,0,0
H080,11,360,57,354,215,6219,0,0.2,380,0,0,0,0,0,0,74,0,0
H080,12,377,60,376,229,6494,0,0.22,380,0,0,0,0,0,0,76,0,0
H080,13,394,63,399,242,6769,0,0.24,380,0,0,0,0,0,0,78,0,0
H080,14,411,66,421,256,7044,0,0.26,380,0,0,0,0,0,0,80,0,0
H080,15,428,69,443,269,7319,0,0.28,380,0,0,0,0,0,0,82,0,0
H081,1,164,12,133,80,3485,490,0,360,0,0,18,18,0,0,54,18,0
H081,2,173,12,153,93,3730,597,0.01,360,0,0,21,21,0,0,56,19,0
H081,3,182,12,174,107,3975,702,0.02,360,0,0,24,24,0,0,58,21,0
H081,4,192,12,195,120,4220,811,0.03,360,0,0,27,27,0,0,60,23,0
H081,5,201,12,216,134,4465,918,0.04,360,0,0,30,30,0,0,62,25,0
H081,6,211,12,237,147,4710,1025,0.05,360,0,0,33,33,0,0,64,27,0
H081,7,220,12,258,160,4955,1132,0.06,360,0,0,36,36,0,0,66,29,0
H081,8,229,12,279,174,5200,1239,0.07,360,0,0,39,39,0,0,68,31,0
H081,9,239,12,299,187,5445,1346,0.08,360,0,0,42,42,0,0,70,32,0
H081,10,248,12,320,201,5690,1453,0.09,360,0,0,45,45,0,0,72,34,0
H081,11,257,12,341,214,5935,1560,0.1,360,0,0,48,48,0,0,74,36,0
H081,12,267,12,362,228,6180,1667,0.11,360,0,0,51,51,0,0,76,38,0
H081,13,276,12,383,241,6425,1774,0.12,360,0,0,54,54,0,0,78,40,0
H081,14,285,12,403,255,6670,1881,0.13,360,0,0,57,57,0,0,80,41,0
H081,15,294,12,424,268,6915,1988,0.14,360,0,0,60,60,0,0,82,43,0
H082,1,168,0,146,80,3720,0,0,390,0,0,0,0,0,0,61,0,0
H082,2,179,0,171,93,4055,0,0.03,390,0,0,0,0,0,0,64,0,0
H082,3,191,0,197,107,4390,0,0.06,390,0,0,0,0,0,0,67,0,0
H082,4,202,0,222,120,4726,0,0.09,390,0,0,0,0,0,0,70,0,0
H082,5,214,0,248,134,5061,0,0.12,390,0,0,0,0,0,0,73,0,0
H082,6,226,0,274,148,5397,0,0.15,390,0,0,0,0,0,0,76,0,0
H082,7,237,0,299,161,5732,0,0.18,390,0,0,0,0,0,0,79,0,0
H082,8,249,0,325,175,6067,0,0.21,390,0,0,0,0,0,0,82,0,0
H082,9,260,0,350,188,6403,0,0.24,390,0,0,0,0,0,0,85,0,0
H082,10,272,0,376,202,6738,0,0.27,390,0,0,0,0,0,0,88,0,0
H082,11,283,0,401,215,7073,0,0.3,390,0,0,0,0,0,0,91,0,0
H082,12,295,0,427,229,7409,0,0.33,390,0,0,0,0,0,0,94,0,0
H082,13,306,0,452,242,7744,0,0.36,390,0,0,0,0,0,0,97,0,0
H082,14,318,0,478,256,8079,0,0.39,390,0,0,0,0,0,0,100,0,0
H082,15,329,0,504,269,8415,0,0.42,390,0,0,0,0,0,0,103,0,0
H083,1,178,15,159,80,3720,420,0,370,0,0,0,0,0,0,69,15,0
H083,2,189,18,184,93,4055,512,0.01,370,0,0,0,0,0,0,73,16,0
H083,3,201,21,210,107,4390,604,0.02,370,0,0,0,0,0,0,78,18,0
H083,4,212,24,235,120,4726,696,0.03,370,0,0,0,0,0,0,83,19,0
H083,5,224,27,261,134,5061,788,0.04,370,0,0,0,0,0,0,88,22,0
H083,6,235,30,287,148,5397,880,0.05,370,0,0,0,0,0,0,93,24,0
H083,7,247,33,312,161,5732,972,0.06,370,0,0,0,0,0,0,98,25,0
H083,8,259,36,338,175,6067,1064,0.07,370,0,0,0,0,0,0,103,27,0
H083,9,270,39,363,188,6403,1156,0.08,370,0,0,0,0,0,0,107,29,0
H083,10,281,42,389,202,6738,1248,0.09,370,0,0,0,0,0,0,112,30,0
H083,11,293,45,414,215,7073,1340,0.1,370,0,0,0,0,0,0,117,32,0
H083,12,304,48,440,229,7409,1432,0.11,370,0,0,0,0,0,0,122,34,0
H083,13,316,51,465,242,7744,1524,0.12,370,0,0,0,0,0,0,127,35,0
H083,14,327,54,491,256,8079,1616,0.13,370,0,0,0,0,0,0,131,37,0
H083,15,339,57,516,269,8414,1708,0.14,370,0,0,0,0,0,0,136,39,0
